"RelativePath","ReferenceSHA256","LocalSHA256","Identical"
"WorldServer\WorldServer.vcxproj.filters","52E580E28B61ADBFD29D40F7D17C7BB21F20CCB12FC38446B5A1D16BABDB8E22","52E580E28B61ADBFD29D40F7D17C7BB21F20CCB12FC38446B5A1D16BABDB8E22","True"
"WorldServer\WorldServer.vcxproj","5BFCFD22FFFD924B6BACDDEE0E8A4CA5BEC142D22B248B24EF249D0FCB4D5C5A","5BFCFD22FFFD924B6BACDDEE0E8A4CA5BEC142D22B248B24EF249D0FCB4D5C5A","True"
"WorldServer\Src\targetver.h","0264F1A4984C97B0BE9D25E418051160B48173919916117D2CC5D1949CEF233A","0264F1A4984C97B0BE9D25E418051160B48173919916117D2CC5D1949CEF233A","True"
"WorldServer\Src\Swtor.cpp","59241617F07EBFD8ACDEC4C19AD44669D1FE972B8B24F4E3C210C9E289C5000B","59241617F07EBFD8ACDEC4C19AD44669D1FE972B8B24F4E3C210C9E289C5000B","True"
"WorldServer\Src\stdafx.cpp","DC130590C33EA947F6D83C2F3B5C327F18363E28A2BFE88E45C4AED401367ADE","DC130590C33EA947F6D83C2F3B5C327F18363E28A2BFE88E45C4AED401367ADE","True"
"WorldServer\Src\Script\PluginManager.h","210AE4F1AB78302D2DEABB78A79ED95A9B0E5E8DB487352CD1FC719D06C65E0F","210AE4F1AB78302D2DEABB78A79ED95A9B0E5E8DB487352CD1FC719D06C65E0F","True"
"WorldServer\Src\Script\PluginManager.cpp","829E725743CE27C7326CCEC0315CBC18022E9AAD12B9A667F70B911A7546F914","829E725743CE27C7326CCEC0315CBC18022E9AAD12B9A667F70B911A7546F914","True"
"WorldServer\Src\Logic\World.h","DDABB0A3B9284BB770EBA9A61E64C36EB606DA325CDF5954D2D66FC555230AF1","DDABB0A3B9284BB770EBA9A61E64C36EB606DA325CDF5954D2D66FC555230AF1","True"
"WorldServer\Src\Logic\World.cpp","D64BE8C9DE12EB2F20840DDCA26314A3BE9FC4D50CAA775EE9EBF2C8E96A1AA8","D64BE8C9DE12EB2F20840DDCA26314A3BE9FC4D50CAA775EE9EBF2C8E96A1AA8","True"
"WorldServer\Src\Logic\Session.h","28BA3EA6BA89EDA6A633C45D6335BFC5F202305695EFFAC59CD09F314C2F9083","28BA3EA6BA89EDA6A633C45D6335BFC5F202305695EFFAC59CD09F314C2F9083","True"
"WorldServer\Src\Logic\Session.cpp","27576BD7505ACC243AC47E6E7D42A32A3DA1FAE38CE91175CF6B6B824A6EC064","27576BD7505ACC243AC47E6E7D42A32A3DA1FAE38CE91175CF6B6B824A6EC064","True"
"WorldServer\Src\Logic\Senders\Service.cpp","D3D168351D55B5439FCB487DF2E9506325B0B11DB8ED543C84DB83507F8A1938","D3D168351D55B5439FCB487DF2E9506325B0B11DB8ED543C84DB83507F8A1938","True"
"WorldServer\Src\Logic\Senders\Options.cpp","A10C7DF1953101372CEF1A2E0D9B34CE516F46D44525E5AFD5282CAB4272A431","A10C7DF1953101372CEF1A2E0D9B34CE516F46D44525E5AFD5282CAB4272A431","True"
"WorldServer\Src\Logic\Senders\General.cpp","6BCCCFA6F30EF851863CC7E6C40BA5175B9B6542F6B630675114875794A1C4FE","6BCCCFA6F30EF851863CC7E6C40BA5175B9B6542F6B630675114875794A1C4FE","True"
"WorldServer\Src\Logic\Senders\Client.cpp","9A02C1E855F9C4A6C69DC82A1F993A88273B986C23999B1FF5C572FACB264BA6","9A02C1E855F9C4A6C69DC82A1F993A88273B986C23999B1FF5C572FACB264BA6","True"
"WorldServer\Src\Logic\Senders\Chat.cpp","3095D403D28E381BC314A24E3B3526C50C8F0487410BABE8FCC9F1406839EEAB","3095D403D28E381BC314A24E3B3526C50C8F0487410BABE8FCC9F1406839EEAB","True"
"WorldServer\Src\Logic\Senders\Character.cpp","252D0D7BF3E28D27413767A13C98767E914DCBBADBA96EA9DA03222186F45469","252D0D7BF3E28D27413767A13C98767E914DCBBADBA96EA9DA03222186F45469","True"
"WorldServer\Src\Logic\Handlers\Service.cpp","E68FC3F1CD16FF7BCA5F929DA17961BAB47966D0D8C71CA07C328EDDD821DCD4","E68FC3F1CD16FF7BCA5F929DA17961BAB47966D0D8C71CA07C328EDDD821DCD4","True"
"WorldServer\Src\Logic\Handlers\General.cpp","10D6D389D1B6686BA7A500C370E8E392DF336C6BEA8B476B2DEE3F50DD21864E","10D6D389D1B6686BA7A500C370E8E392DF336C6BEA8B476B2DEE3F50DD21864E","True"
"WorldServer\Src\Logic\Handlers\Chat.cpp","0010AE283675C79A2B66B76629CA9B513303248DD9ADE9C4E21CCE8C0FFE13C0","0010AE283675C79A2B66B76629CA9B513303248DD9ADE9C4E21CCE8C0FFE13C0","True"
"WorldServer\Src\Logic\Handlers\Character.cpp","37CAD668D0A72871F993D33720FB17FF1F409CC82E5DC03EF8F8502E57763B44","37CAD668D0A72871F993D33720FB17FF1F409CC82E5DC03EF8F8502E57763B44","True"
"WorldServer\Src\Logic\Handlers\Authentication.cpp","972EA388E588E3B5B22FF695F3EE3EF9293636EF8BE039EB212F4A24AD11B0D9","972EA388E588E3B5B22FF695F3EE3EF9293636EF8BE039EB212F4A24AD11B0D9","True"
"WorldServer\Src\Logic\Account.h","4EF75DDBF229A736EA53A1F59688D121C8A9B7C38B71BC6D2AABE0713B6B5182","4EF75DDBF229A736EA53A1F59688D121C8A9B7C38B71BC6D2AABE0713B6B5182","True"
"WorldServer\Src\Game\World.h","DFA3222434FEE2EB9D6A2058AE707BFA5CBC6992959E017610876BE6406D437D","DFA3222434FEE2EB9D6A2058AE707BFA5CBC6992959E017610876BE6406D437D","True"
"WorldServer\Src\Game\World.cpp","D0C7E08627902AFBF0A0AE16D554A9C3EB8EBE7A9A600ED8547D4E6473D0C66E","D0C7E08627902AFBF0A0AE16D554A9C3EB8EBE7A9A600ED8547D4E6473D0C66E","True"
"WorldServer\Src\Game\Service\CharacterService.h","60B0DB284B52084491D48FC8A4EF349FD29CA945C4B8139E4FC08DD3495FAFFE","60B0DB284B52084491D48FC8A4EF349FD29CA945C4B8139E4FC08DD3495FAFFE","True"
"WorldServer\Src\Game\Inventory.h","9223B4D82692260795875F6A0D8C6C7243D0B58153755B0B8530E44A793B64F3","9223B4D82692260795875F6A0D8C6C7243D0B58153755B0B8530E44A793B64F3","True"
"WorldServer\Src\Game\Data\Region.h","4A8BD4BF1702773F7CB8DE680E1133D99BF2E071C3011C08C092FDB07CE7CBB3","4A8BD4BF1702773F7CB8DE680E1133D99BF2E071C3011C08C092FDB07CE7CBB3","True"
"WorldServer\Src\Game\Data\CharacterSpecs.h","EAC5C75B2332C7D918E888F2936498952A3ADE9AFD5913DBE5E19F010848AD74","EAC5C75B2332C7D918E888F2936498952A3ADE9AFD5913DBE5E19F010848AD74","True"
"WorldServer\Src\Game\Character.h","300D5639E4115C6933550633D11EA367CBE65FB01DA728363492F167F4B3FC7E","300D5639E4115C6933550633D11EA367CBE65FB01DA728363492F167F4B3FC7E","True"
"WorldServer\Src\Game\Character.cpp","6EE91E7D5A80248FDFD736D0AA232144C728E7423CD92679E6131349AF9355E5","6EE91E7D5A80248FDFD736D0AA232144C728E7423CD92679E6131349AF9355E5","True"
"WorldServer\Src\DAO\Character.h","6C2A52E30D6A28A283E415C02BD80B803C73D5437881BAC5EC6A5B2E65C5AB20","6C2A52E30D6A28A283E415C02BD80B803C73D5437881BAC5EC6A5B2E65C5AB20","True"
"WorldServer\Src\DAO\Account.h","9AF5B5CAF9A7AC4F12FD5136905F49BDB9977AC59840DE0CE14653116AAD3250","9AF5B5CAF9A7AC4F12FD5136905F49BDB9977AC59840DE0CE14653116AAD3250","True"
"WorldServer\Makefile","F7485C94F06B1314A1B6CE2A85E947FEC51C604BEC24C23441DAD83AD6EF54DF","F7485C94F06B1314A1B6CE2A85E947FEC51C604BEC24C23441DAD83AD6EF54DF","True"
"WorldServer\CMakeLists.txt","C48722E45058CBF74AE9AA8AAAA19D4C85194F1AF4F4423434201EFB115BDD8F","C48722E45058CBF74AE9AA8AAAA19D4C85194F1AF4F4423434201EFB115BDD8F","True"
"TimeServer\TimeServer.vcxproj.filters","95E296332C2EF00D1C1562C0C82C3866F7D42169AE68812FB46B40C78EF8D19B","95E296332C2EF00D1C1562C0C82C3866F7D42169AE68812FB46B40C78EF8D19B","True"
"TimeServer\TimeServer.vcxproj","B36A7A14A32F0AF960EBF7658D0BB983E86CA290E79724B2E7CD6422BB208F13","B36A7A14A32F0AF960EBF7658D0BB983E86CA290E79724B2E7CD6422BB208F13","True"
"TimeServer\Src\targetver.h","0264F1A4984C97B0BE9D25E418051160B48173919916117D2CC5D1949CEF233A","0264F1A4984C97B0BE9D25E418051160B48173919916117D2CC5D1949CEF233A","True"
"TimeServer\Src\Swtor.cpp","7085C34777CEAAB1168C6BB034A03BEF2407FA2059A503A86B89AF0A0CF71FEF","7085C34777CEAAB1168C6BB034A03BEF2407FA2059A503A86B89AF0A0CF71FEF","True"
"TimeServer\Src\stdafx.cpp","DC130590C33EA947F6D83C2F3B5C327F18363E28A2BFE88E45C4AED401367ADE","DC130590C33EA947F6D83C2F3B5C327F18363E28A2BFE88E45C4AED401367ADE","True"
"TimeServer\Src\Logic\World.h","0C86D41FDEDD27C0F079D6C17D207ED9C327EA32D4CDF590216B5AC05A1633F6","0C86D41FDEDD27C0F079D6C17D207ED9C327EA32D4CDF590216B5AC05A1633F6","True"
"TimeServer\Src\Logic\World.cpp","A51E3595AB9F773F7C4E34C54C78DE4427E53506FBB9BE1A674D8C99BDD079E4","A51E3595AB9F773F7C4E34C54C78DE4427E53506FBB9BE1A674D8C99BDD079E4","True"
"TimeServer\Src\Logic\Session.h","DA18AA0D153704FA814B394DC4DBDCE5487D8272A108C60BAD139266E432D195","DA18AA0D153704FA814B394DC4DBDCE5487D8272A108C60BAD139266E432D195","True"
"TimeServer\Src\Logic\Session.cpp","A864C8400F8657372460F9F3561B56328F074266F01242043299C16BD591BB31","A864C8400F8657372460F9F3561B56328F074266F01242043299C16BD591BB31","True"
"TimeServer\Src\Logic\Handlers\Authentication.cpp","9C8B00804B6A0B1F27116B23D4901FDFF89749371E5446905EAC4EFCBBEEA449","9C8B00804B6A0B1F27116B23D4901FDFF89749371E5446905EAC4EFCBBEEA449","True"
"TimeServer\Makefile","EAC4486E10E3308493B5070272B1072C0BC925B601C1DA0D71B31987A01C397B","EAC4486E10E3308493B5070272B1072C0BC925B601C1DA0D71B31987A01C397B","True"
"TimeServer\CMakeLists.txt","1F966E6E87E38CBB15EDD0C4038F2350AD11B62FB682AB91BC50296274E00785","1F966E6E87E38CBB15EDD0C4038F2350AD11B62FB682AB91BC50296274E00785","True"
"Server.sln","E1DFB23408B7E41D812137B70183BCDA0DD1C4B71B4E667EDA54C972496838F7","E1DFB23408B7E41D812137B70183BCDA0DD1C4B71B4E667EDA54C972496838F7","True"
"Script\Src\System\ScriptLog.cpp","8368981E7C9ADA8E39675984C98BF1978CB88CA0666373BACA42C024D315666C","8368981E7C9ADA8E39675984C98BF1978CB88CA0666373BACA42C024D315666C","True"
"Script\Src\System\ILog.h","A9F5DA5F0FB42ED1343981B0D44EEEEA638BA9EBEE665D6154B652EEC1338BB2","A9F5DA5F0FB42ED1343981B0D44EEEEA638BA9EBEE665D6154B652EEC1338BB2","True"
"Script\Src\System\ILog.cpp","6DF543F4B21E51EDB19925068FD43FB4CD3BD1CBC18B585AD3AF309E3F0C4314","6DF543F4B21E51EDB19925068FD43FB4CD3BD1CBC18B585AD3AF309E3F0C4314","True"
"Script\Src\stdafx.h","AD8C5A4242C5EE8D108D68DD5C245B1CD1D5388CF5628AEB1F1BF0881016903E","AD8C5A4242C5EE8D108D68DD5C245B1CD1D5388CF5628AEB1F1BF0881016903E","True"
"Script\Src\stdafx.cpp","F1E1D0A42468663A548609BD5E0F189A6CC3A8FDEC415C6322926B893B165241","F1E1D0A42468663A548609BD5E0F189A6CC3A8FDEC415C6322926B893B165241","True"
"Script\Src\Shared\omp_mutex.h","DBDD1285621B09F469CAF62AF95AB146905941B477AAF1BE60CAD88BDA917A5D","DBDD1285621B09F469CAF62AF95AB146905941B477AAF1BE60CAD88BDA917A5D","True"
"Script\Src\Script\Plugin.h","8E025FECF4F931D708609B4DBCD3841B53A63D75F7F42D96840DC3924A19A397","8E025FECF4F931D708609B4DBCD3841B53A63D75F7F42D96840DC3924A19A397","True"
"Script\Src\Script\IPluginManager.h","1FF4EE3C7BEF01DD69BA2555F8EA4422456E3A8D1BF71EFC2E48A8C778FDF860","1FF4EE3C7BEF01DD69BA2555F8EA4422456E3A8D1BF71EFC2E48A8C778FDF860","True"
"Script\Src\Script\IPluginManager.cpp","33AC35B060609D839588E0CDD18FE6CBD53BBC08323588483E55F18339F48518","33AC35B060609D839588E0CDD18FE6CBD53BBC08323588483E55F18339F48518","True"
"Script\Src\Network\IServer.h","2A31B1183C53732FCDA2F3E2F23FE66BE273157BE20B62597C10140917610F14","2A31B1183C53732FCDA2F3E2F23FE66BE273157BE20B62597C10140917610F14","True"
"Script\Src\Game\IWorld.h","0B264EC2154E2B91F1B7BDDF7303B61DE0ABC908ADFD65B8A83B65DD23BBFB70","0B264EC2154E2B91F1B7BDDF7303B61DE0ABC908ADFD65B8A83B65DD23BBFB70","True"
"Script\Src\Game\IWorld.cpp","1589AA99C7F0D3B332D9E13791B9C49D6AF87A10A40931124970159E31B6B7E2","1589AA99C7F0D3B332D9E13791B9C49D6AF87A10A40931124970159E31B6B7E2","True"
"Script\Src\dllmain.cpp","5E745537233D04C5DFEF5C7D54CBC9A18C2F203325FB634664DC5113BBCE3E32","5E745537233D04C5DFEF5C7D54CBC9A18C2F203325FB634664DC5113BBCE3E32","True"
"Script\Script.vcxproj.filters","DBDD65FE12F8C9C77B5D1C840C0DD1B76505819B6698DA0C30B18AFA51FBB4B7","DBDD65FE12F8C9C77B5D1C840C0DD1B76505819B6698DA0C30B18AFA51FBB4B7","True"
"Script\Script.vcxproj","074CB3DCBD151C585784A031A19BFE332DA0DC95B06D016324EA8229AD3F4937","074CB3DCBD151C585784A031A19BFE332DA0DC95B06D016324EA8229AD3F4937","True"
"Script\CMakeLists.txt","3C51C7DFEDF7412BAC67BEFADEC66C73401F8BD4AFBD7B1D84D3A8763735F3CE","3C51C7DFEDF7412BAC67BEFADEC66C73401F8BD4AFBD7B1D84D3A8763735F3CE","True"
"ProxyServer\Src\targetver.h","0264F1A4984C97B0BE9D25E418051160B48173919916117D2CC5D1949CEF233A","0264F1A4984C97B0BE9D25E418051160B48173919916117D2CC5D1949CEF233A","True"
"ProxyServer\Src\Swtor.cpp","5B69A352255FC240EA49B7D1F71186EB0049B7EE5A59753E41C32576C3239785","5B69A352255FC240EA49B7D1F71186EB0049B7EE5A59753E41C32576C3239785","True"
"ProxyServer\Src\stdafx.cpp","DC130590C33EA947F6D83C2F3B5C327F18363E28A2BFE88E45C4AED401367ADE","DC130590C33EA947F6D83C2F3B5C327F18363E28A2BFE88E45C4AED401367ADE","True"
"ProxyServer\Src\Logic\World.h","99C4CCEE804C3BA6025B41F7CB8EC6922D58F74FD5BA02A9FB2D582F02344B88","99C4CCEE804C3BA6025B41F7CB8EC6922D58F74FD5BA02A9FB2D582F02344B88","True"
"ProxyServer\Src\Logic\World.cpp","2E6559E9A612AFB9079893E471B86023B365976126AACCADE86DBC7C1A69CB14","2E6559E9A612AFB9079893E471B86023B365976126AACCADE86DBC7C1A69CB14","True"
"ProxyServer\Src\Logic\Session.h","879E5CBFE2E0A3A75BD9090B4409B32712A8AE69510E1D099E3114F0F70E2385","879E5CBFE2E0A3A75BD9090B4409B32712A8AE69510E1D099E3114F0F70E2385","True"
"ProxyServer\Src\Logic\Session.cpp","CD5441E4C4D2D8D1E22DE095C83C213187D4C87CFF78DAB8C95A6A2B47ADA380","CD5441E4C4D2D8D1E22DE095C83C213187D4C87CFF78DAB8C95A6A2B47ADA380","True"
"ProxyServer\Src\Logic\Handlers\Authentication.cpp","F17C4FD69D2B98DAA5A62B25FAC8E2F96A96364D1D4FAADC7604A93D923AD211","F17C4FD69D2B98DAA5A62B25FAC8E2F96A96364D1D4FAADC7604A93D923AD211","True"
"ProxyServer\Src\Entity\Account.h","0F898A559E225AE0272999A240FDB6FB7ABDD0C84000DB9BB253D122155C3556","0F898A559E225AE0272999A240FDB6FB7ABDD0C84000DB9BB253D122155C3556","True"
"ProxyServer\Src\DAO\Account.h","A570C3706DE01F0BAF8CB8E6900134F19EC68338F4E6CEE3E95536AA33843CB3","A570C3706DE01F0BAF8CB8E6900134F19EC68338F4E6CEE3E95536AA33843CB3","True"
"ProxyServer\ProxyServer.vcxproj.filters","A284A814C8404E664304720024C5C8CE99059DE0183642CC3106AEAB46F9489C","A284A814C8404E664304720024C5C8CE99059DE0183642CC3106AEAB46F9489C","True"
"ProxyServer\ProxyServer.vcxproj","45B270630A438762B0A8C57D30C5F1BDC8E8C475B6323F479B2C0A532C6ECBEC","45B270630A438762B0A8C57D30C5F1BDC8E8C475B6323F479B2C0A532C6ECBEC","True"
"ProxyServer\Makefile","723A436C2FB3475FA2D0BECA72C38F4BBCC850860C98BE07521028CE69285DD1","723A436C2FB3475FA2D0BECA72C38F4BBCC850860C98BE07521028CE69285DD1","True"
"ProxyServer\CMakeLists.txt","C9E5A896174E98A4236406D8BF041CB75E3B6E0720965665B3E1737EE941468A","C9E5A896174E98A4236406D8BF041CB75E3B6E0720965665B3E1737EE941468A","True"
"PluginNet\resource.h","5E9BAF9B51080E135F3433396B1359D5A8971406B40F14D6E345BDEACECC1E35","5E9BAF9B51080E135F3433396B1359D5A8971406B40F14D6E345BDEACECC1E35","True"
"PluginNet\NetBinder.vcxproj.filters","94796237A4451490599F0C9394FCDD3A614BBAB7B1DD18AAA7990631B5F81A92","94796237A4451490599F0C9394FCDD3A614BBAB7B1DD18AAA7990631B5F81A92","True"
"PluginNet\NetBinder.vcxproj","C563B6DE692E4943C60C817AA7B7B049BA587A62C1EA0D3E55AEF04ED7228F5F","C563B6DE692E4943C60C817AA7B7B049BA587A62C1EA0D3E55AEF04ED7228F5F","True"
"PluginNet\NetBinder.h","8DA01D62063FB0510EED2BDD0CA02E39605876972AD64D23500168863E333FB7","8DA01D62063FB0510EED2BDD0CA02E39605876972AD64D23500168863E333FB7","True"
"PluginNet\NetBinder.cpp","438B94D365ED984216D2901554C3A47C9A67FD5E4D7A6956DF4A29C07C96A985","438B94D365ED984216D2901554C3A47C9A67FD5E4D7A6956DF4A29C07C96A985","True"
"PluginNet\AssemblyInfo.cpp","768247183F40A6D7E34E58D7CBEBAC81B231D0BFD5872CB1020D17EB18B5FB2A","768247183F40A6D7E34E58D7CBEBAC81B231D0BFD5872CB1020D17EB18B5FB2A","True"
"PluginNet\app.rc","10DB3CB885E382AAC4238FA3DEC880CD350CAF37CCABD884A8C95001AC0E881A","10DB3CB885E382AAC4238FA3DEC880CD350CAF37CCABD884A8C95001AC0E881A","True"
"PluginNet\app.ico","382CD3997832491BE248E19DAF00E5881057C7A0818AF23649341A2B97E12527","382CD3997832491BE248E19DAF00E5881057C7A0818AF23649341A2B97E12527","True"
