"Opcode","Direction","Name","Family","Envelope","BodySchema","Confidence","Evidence","Notes"
"0x61116AD5","C2S","CMsg61116AD5","Area","opcode + routed component + body","Observed 36-byte body: LE u32 0xC5; four f32 interpreted as heading/XYZ; 16 opaque bytes; complete semantic schema unresolved","Captured","Diagnostics/DecoderBaseline-20260930/movement-source.txt; Diagnostics/Fixtures/Movement/C5-20260929.hex; Diagnostics/Test-PacketDecoder.ps1; SharpServer/NET/Packets/Client/CMsg61116AD5.cs; phase-exit logs","Captured C5 unchanged; C7 additionally supported after native April writer verification. See CharacterSyncC7Variant row. Other masks remain rejected. Offline success does not prove doorway wall fixed."
"0xF96DCDB0","C2S","CMsgF96DCDB0","Area","opcode + routed component + body","Multiple RPC/keepalive/ability variants; not one fixed body","Captured","SharpServer/NET/Packets/Client/CMsgF96DCDB0.cs; Diagnostics/Ability-Result-Contract-20260926.md","Do not apply one reply policy to every variant"
"0x0D446E80","S2C","ClientReplicationTransaction","Area","opcode + routed component + replication blob","Captured .acrt fixture payloads","Captured","Server/Framework/Src/Network/Packet.h; Diagnostics/Test-AreaWireRoundTrip.ps1","Replication data is not proven to be native room streaming. Generated override CRT18 is a 97-byte duplicate phase-instance probe, not a capture; its room-stream role remains Hypothesis. SHA256 6752695E7BCCA4139D9488E56B35F95D4B37DC0750064B88166B52374CCB9A09; actual stream 0x001B502E also used by doorway destroy. Automatic doorway send removed; retry remains opt-in. See Diagnostics/DoorwayControl-20260930/crt18-provenance.txt and Diagnostics/Experiments/2026-09-30-01-doorway-crt18-suppression-control.md. Live control 2026-09-30: operator reports wall persists; accepted C5 crossing and replication route/apply return observed, but specific phase-info removal and room residency unconfirmed. See Diagnostics/DoorwayControl-20260930/live-analysis/RESULTS.md. No confidence promotion."
"0xA1D9E226","S2C","AwarenessEntered","Area","opcode + routed component + awareness blob","Captured .aaw fixture payloads","Captured","Server/Framework/Src/Network/Packet.h; Diagnostics/Test-AreaWireRoundTrip.ps1","Creation sets are non-idempotent"
"0xCFBFFBCB","S2C","SetCharacter","Area","opcode + routed component","u64 character node id","Client-derived","Server/Framework/Src/Network/Packet.h; SharpServer/NET/Packets/Server/AreaSetCharacter.cs","Startup reordering experiment did not open the wall"
"0x944511BF","S2C","CharacterTeleport","Area","opcode + routed component","Existing implementation; full confidence needs registry follow-up","Client-derived","Server/Framework/Src/Network/Packet.h; client dispatch map in Diagnostics/Handover-20260929-Notify.md","Do not infer room residency from teleport alone"
"0x13509F15","S2C","SendToArea","World","opcode + component","Existing implementation; transition role unresolved","Hypothesis","Server/Framework/Src/Network/Packet.h; SharpServer/NET/Packets/Server/WorldSendToArea.cs","Known opcode does not prove it is the missing notify"
"0x699FAC0E","S2C","AssetCreated","Area","handler ambiguity unresolved","Two-u64 handler and separately logged string handler require reconciliation","Hypothesis","Diagnostics/Handover-20260929-Notify.md","Do not send until handler and lifecycle effect are proven"
"UNKNOWN","S2C","InstanceCreated","System","system table registration unresolved","String field plus body suggested by cold handler; opcode unknown","Hypothesis","Diagnostics/Handover-20260929-Notify.md","No Packet.h entry; do not derive opcode by hashing"
"0x0D446E80","S2C","PhaseInfoDestroyNamedCallback","Area","opcode + area routing handles 0x65B3/0x0008 + replication transaction","Exact 46-byte destroy transaction: stream 0x001B502E; one container update and removed node 0x1AC6F6DC1F; no general replication-schema claim","Behavior-verified","Diagnostics/PhaseLifecycle-20260930/live-20260930-145102-logonly/RESULTS.md; Diagnostics/PhaseLifecycle-20260930/live-20260930-145102-logonly/doorway-destroy.bin; Diagnostics/PhaseLifecycle-20260930/live-20260930-145102-logonly/crossing-hook-window.log; Diagnostics/PhaseLifecycle-20260930/live-20260930-151120-crt3off-logonly/RESULTS.md","2026-09-30 14:57:26 Toronto: accepted C5 crossing -64.87 to -62.98; generic CRT apply 18 brackets named phsPhaseInfo.OnReplicationNodeDestroy entry/return with stream argument 0x001B502E. No nested UpdateGatewayForInstance recorded; wall persists. CRT3 emitted and named create returned earlier. Does not prove parent lookup removal, global assignment/read-back, HeroNode removal, or native room residency. Exact plaintext SHA256 2F816FE78E5A1C9983D2E151EB705E079AF4A323B4FE8F0559DE0B186766E5DF. CRT3-off comparison 15:19:43 corroborates named callback entry/return under generic apply 17 with identical packet, no nested gateway recorded, usable startup and wall persistence; no named player-phase-data create recorded. Audit correction: the historical UpdateGateway observer at oracle payload32E3 is actually SendCurrentPhaseInfoToGUI (section2660). Prior absence of that mislabeled hit does not establish absence of UpdateGatewayForInstance; named destroy result remains independently observed."
"UNKNOWN","BOTH","NativeRoomSelectionAndActivation","Area","Local native lifecycle; no network opcode or envelope claimed","B90CF0 name registration maps room pointers; B91AE0 updates area+298; B7C390 activation already-active branch executes","Behavior-verified","Diagnostics/RoomSelection-20260930/live-20260930-163405/RESULTS.md; Diagnostics/RoomSelection-20260930/README.md","2026-09-30 16:39:58 main client13756: retreat_d D2C19000 to gnarls_new F4C38000; activation3/6 entered/returned; wall persists. Startup exterior2/6->3/6 at16:37:21. No full collision/asset readiness, player+98, trigger identity or new packet claim. UNKNOWN/BOTH are placeholders for a local lifecycle observation, not an opcode identity."
"UNKNOWN","BOTH","NativeTriggerCollidablePropertyPath","Area","Local property/physics path; no wire opcode claimed","Collidable1147BAC -> dispatcher7FD9FB keyB4963DC1 -> TriggerNode vtable116116C slotB4=7FDE70 -> objectE0 bit1000 -> changed-state association/remove paths","Client-derived","Diagnostics/RoomSelection-20260930/collision-offline/FINDINGS.md; Diagnostics/RoomSelection-20260930/collision-offline/collision-path-verification.json","RTTI TriggerNode and357 printed instruction prefixes verified against pinned April PE. No live trigger identity/bit/physics readiness or blocking collider established. UNKNOWN/BOTH placeholders for local lifecycle evidence, not network identity. 6D4FB0 custom EAX ABI."
"UNKNOWN","BOTH","NativeTriggerParameterIdentity","Area","Local native property identity; no wire opcode claimed","TriggerNode vtable94=7FE1F0 keyD84FB395 accepts wchar TriggerParam and stores string at138 whose firstpointer is hashed, result stored148/14C. Name110; localcache24/2C/30/34 validity conditional","Client-derived","Diagnostics/TriggerCollision-20260930/README.md; Diagnostics/RoomSelection-20260930/collision-offline/trigger-parameter-setter.txt; Diagnostics/RoomSelection-20260930/collision-offline/entity-local-position-cache.txt","600printedprefixes and staticRTTI verified. No live target identity yet. Raw localcache not unconditional worldcoordinate. UNKNOWN/BOTH placeholders for local observation, not networkidentity."
"UNKNOWN","BOTH","NativeRetreatTriggerCollisionState","Area","Local native object observation; no wire opcode","Five exact-knight-parameter TriggerNodes; three authored region coordinates, original gateway and named clone. E0 bit1000 and collider2C bit40 clear before/after gnarls_new room selection","Behavior-verified","Diagnostics/TriggerCollision-20260930/live-20260930-172807/RESULTS.md; Diagnostics/TriggerCollision-20260930/live-20260930-172807/nexus_hook.log","17:34:46 main10580: target identities revalidated, cachebit2set and exactregioncoords; wall persists. No complete collider inventory, physics contact, manager-removal success or all-world readiness claim. Older blanket native-trigger absence contradicted for this run. UNKNOWN/BOTH local placeholders."
"0x61116AD5","C2S","CharacterSyncC7Variant","Area","LE opcode61116AD5 + routed component65B30008","April AA6920 writes u32 mask; C7 heading4, vector12, endposition12, two8-byte fields; body48/full56 with no unconditional padding","Behavior-verified","Diagnostics/MovementC7-20260930/FINDINGS.md; Diagnostics/MovementC7-20260930/verification.json; Diagnostics/TriggerCollision-20260930/live-20260930-172807/movement-c7-first.bin; Diagnostics/MovementC7-20260930/live-20260930-180457/RESULTS.md","Experiment10 nine C7 accepted18:10:19-23 with body48, correct end position triggers one crossing/destroy before final C5stop. Wall persists; C7 rejection alone wall hypothesis falsified. Native-derived layout retained, other masks rejected, no new reply requirement."
"UNKNOWN","BOTH","NativeCollisionRayQueryBinding","Area","Local script-to-native collision query; no network opcode claimed","sysBaseClient dictionary270 EA7C38E8 -> April registration C191BD/C191CC -> C15380 wrapper -> root[14928F0]+858 CollisionScene vtable14 D1F6D0; hitvector and NodeRef output handling","Client-derived","Diagnostics/MovementC7-20260930/jedipedia-comparison/FINDINGS.md; query-prefix-verification.json; sysBaseClient.name-hashes.json; query-manager-identity.json","Static pinnedPE/name-dictionary identity; no live query or blocker identification. Internal result lifetime; filter2; game-thread context and movement versus ray collision remain to verify. UNKNOWN/BOTH placeholders for local evidence."
"UNKNOWN","BOTH","NativeCollisionRayResultAndFiltering","Area","Local ray query lifetime/filter path; no wire opcode claimed","D023F0/B5A5A0 managed result; D02750 stores filter2 atcontext+4; D134B0->D20020 collider2C exclusion02/04/08/10/20; D1EF60 shapevtable1C receives filter unchanged","Client-derived","Diagnostics/MovementC7-20260930/jedipedia-comparison/FINDINGS.md; query-result-init.txt; query-result-cleanup.txt; query-filter-init.txt; query-collider-dispatch.txt; query-collider-vtable.txt; query-prefix-verification.json","No guessed names assigned numeric flags. Shape-specific filter2 meaning and game-thread/native result initial state still unresolved; no live query or movement-clearance proof."
"UNKNOWN","BOTH","CompiledTransitionBodies","NativeScript","Local compiled script, not wire message","NotifyPlayerCanTravel/NotifyChangeAreaRequest RET; Room_Transition calls TrackLine/GetStringLength only; sep adapters call their own bodies","Client-derived","Diagnostics/MovementC7-20260930/jedipedia-comparison/transition-bodies.json; Inspect-TransitionBodies.py; FINDINGS.md","Symbol adjacency does not establish transition sequence. Native callbacks and other compiled callers remain unresolved. No runtime change."
"UNKNOWN","BOTH","NativeCollisionShapeRayFilter","NativeCollision","Local native query, not wire message","CollisionTree ray slot1C -> slot4C -> D244B0; filter2 bypasses category discriminator, earlier collider/mesh checks remain","Client-derived","Diagnostics/MovementC7-20260930/jedipedia-comparison/collision-shape-rtti.json; query-mesh-ray-dispatch.txt; query-prefix-verification.json; FINDINGS.md","Not proven player sweep equivalent; no runtime change or new client run. Numerical flag meanings only."
"UNKNOWN","C2S","RequestInstanceTransferScriptRole","Travel","Script RPC semantics; wire schema unverified","Numbered planet instance from available list -> GSSOnRequestInstanceTransfer; blocked while GetPhaseInfo non-null","Client-derived","Jedipedia reader trvTravelComponentClassMethods14988169905887148546; _JPEXTRACT/guiApiClassMethods.txt:153; _JPEXTRACT/gldOracleClassMethods.txt:2120; Diagnostics/MovementC7-20260930/jedipedia-comparison/FINDINGS.md","Does not establish doorway phase-transfer protocol; no runtime change"
"UNKNOWN","S2C","PlayerPhaseFieldLifecycle","Replication","phsEntity Replication_Update script semantics","phsPhase0x40000002641F28CC update invokes PHASE.OnPhasedInstanceUpdated; GetPhaseInfo reads same ID","Client-derived","Jedipedia phsEntityClassMethods14988219368268985980; _JPEXTRACT/phsoracleclassmethods.txt:170; Diagnostics/PhaseLifecycle-20260930/CURRENT-CHECKPOINT.md","Destroy-only PhaseExit lacks explicit player phase-field update. Wire clear candidate and wall behavior unverified; no runtime change."
"0x0D446E80","S2C","PlayerPhaseClearExitExperiment","AreaReplication","Area opcode + routed component + stream0x001B502E + GomUpdate","Two object updates: player0x4000010E218A839C structure26 field25 phsPhase UInt64=0, then retained effect-container update; removed node0x1AC6F6DC1F","Client-derived","Diagnostics/PhaseFieldExit-20260930/packet-verification.json; Verify-PhaseField.py; Diagnostics/Experiments/2026-09-30-11-player-phase-field-exit.md","Experiment11 invalid for selected-player phase test: generated update used captured839C, startup remaps to selected839B. CRT apply/destroy observed but target field callback unverified. Corrected source now requires ActiveCharacter ID; no new run. See PhaseTransitionAudit-20260930/AUDIT.md."
"0x0D446E80","S2C","SelectedPlayerPhaseExitIdentity","AreaReplication","Generated player object update using selected ActiveCharacter ID","Startup CRT2/CRT4 remap captured839C to selected ID; exit must use same ID; structure26 field25 UInt64=0","Client-derived","SharpServer/NET/Packets/Server/CapturedCharacterRemap.cs; AreaStartupBundle.cs; Diagnostics/PhaseTransitionAudit-20260930/selected-identity-verification.json; AUDIT.md","Corrected missing ID integration; actual and alternate characters verified offline; no native effect claim. Default destroy bytes unchanged. Old launcher pin remains intentionally stale."
"UNKNOWN","BOTH","SelectedPhaseUpdateCallbackObserver","ClientScript","Local passive observer; no new wire message","phsEntity changed field40000002641F28CC/local equality; PHASE callback section1940; verified TrackLine sites and oracle new nameID slots78/7C","Client-derived","Diagnostics/PhaseTransitionAudit-20260930/callback-prefixes.json; Prepare-CallbackPrefixes.py; Client/Hook/Src/PhaseUpdateTrace.h; Diagnostics/SelectedPhaseExit-20260930/README.md","Exact April payload and pinnedPE helper; no new scan. Historical gateway anchor32E3 is GUI method section2660, corrected ABI/name. Bounded passive logs; live callback acceptance pending."
