"Path","SizeOK","HashOK"
"D:\SWTORClassic\swtoremu\Client\Hook\Src\ToR.cpp","True","True"
"D:\SWTORClassic\swtoremu\Client\Hook\Bin\x86\MemoryMan.dll","True","True"
"D:\SWTORClassic\swtoremu\Run-SWTORClassic-Trace-Tython.cmd","True","True"
"D:\SWTORClassic\swtoremu\Diagnostics\PhaseLifecycle-20260930\Watch-PhaseLifecycle.ps1","True","True"
"D:\SWTORClassic\swtoremu\SharpServer\bin\Debug\NexusToRServer.exe","True","True"
"D:\SWTORClassic\swtoremu\SharpServer\AreaServer\PhaseExit.cs","True","True"
"D:\SWTORClassic\swtoremu\nexusclient\nexusclient\swtor-emu.exe","True","True"
"D:\SWTORClassic\swtoremu\Diagnostics\GeneratedPhaseCandidate\tython_blockout-4611686019869492753-1.1.acrt","True","True"
"D:\SWTORClassic\swtoremu\Diagnostics\GeneratedPhaseCandidate\tython_blockout-4611686019869492753-1.3.acrt","True","True"
"D:\SWTORClassic\swtoremu\Diagnostics\GomCompatibility\ResourceCacheApril2012\scripts\65A4399D0102A007.scpt","True","True"
"D:\SWTORClassic\swtoremu\Diagnostics\GomCompatibility\ResourceCacheApril2012\scripts\C10C1F8290BE3551.scpt","True","True"
"D:\SWTORClassic\swtoremu\Diagnostics\GomCompatibility\ResourceCacheApril2012\scripts\9308DE76F6AAF774.scpt","True","True"
"D:\SWTORClassic\swtoremu\Diagnostics\PhaseLifecycle-20260930\Launch.ps1","True","True"
"D:\SWTORClassic\swtoremu\Diagnostics\PhaseLifecycle-20260930\Launch-Crt3Off.ps1","True","True"
"D:\SWTORClassic\swtoremu\Run-SWTORClassic-PhaseLifecycle-Crt3Off.cmd","True","True"
"D:\SWTORClassic\swtoremu\Diagnostics\Test-PhaseLifecycleSignatures.ps1","True","True"
"D:\SWTORClassic\swtoremu\Diagnostics\Test-PhaseLifecycleReadiness.ps1","True","True"
