"Path","HashOK"
"D:\SWTORClassic\swtoremu\Diagnostics\DoorwayControl-20260930\phase-lifecycle-invalid-crossing-20260930-015001-825\001-NexusToR.server.out","True"
"D:\SWTORClassic\swtoremu\Diagnostics\DoorwayControl-20260930\phase-lifecycle-invalid-crossing-20260930-015001-825\002-last-compatibility-run.log","True"
"D:\SWTORClassic\swtoremu\Diagnostics\DoorwayControl-20260930\phase-lifecycle-invalid-crossing-20260930-015001-825\003-last-nexus-hook.log","True"
"D:\SWTORClassic\swtoremu\Diagnostics\DoorwayControl-20260930\phase-lifecycle-invalid-crossing-20260930-015001-825\004-last-server-full.log","True"
"D:\SWTORClassic\swtoremu\Diagnostics\DoorwayControl-20260930\phase-lifecycle-invalid-crossing-20260930-015001-825\005-last-server-out.log","True"
"D:\SWTORClassic\swtoremu\Diagnostics\DoorwayControl-20260930\phase-lifecycle-invalid-crossing-20260930-015001-825\006-nexus_hook.before-latest.log","True"
"D:\SWTORClassic\swtoremu\Diagnostics\DoorwayControl-20260930\phase-lifecycle-invalid-crossing-20260930-015001-825\007-nexus-server.before-latest.log","True"
"D:\SWTORClassic\swtoremu\Diagnostics\DoorwayControl-20260930\phase-lifecycle-invalid-crossing-20260930-015001-825\008-startup-summary.log","True"
"D:\SWTORClassic\swtoremu\Diagnostics\DoorwayControl-20260930\phase-lifecycle-invalid-crossing-20260930-015001-825\009-nexus_hook.log","True"
"D:\SWTORClassic\swtoremu\Diagnostics\DoorwayControl-20260930\phase-lifecycle-invalid-crossing-20260930-015001-825\010-NexusToR.log","True"
