"Name","Bytes","SHA256"
"click-body.bin","20","D6150CD851B959C78AC625C5BA6DA781E4676536872926DDBDB0BB174CA05CC7"
"conversation-19.bin","130","624722B2C0EEAC0F42BC4578AF1D92D72EB3B85E08FC97FBC76DE0F88B3AD0B7"
"conversation-8.bin","130","9F841A0CE4F3887F5ED025CD94E07E2B616F96412D9E001951305D276F873294"
"end-19-1.bin","44","E9A02001C266D0E9666D3AC73EE54E37046A341B6322C83260E4615D877E94EA"
"end-19-2.bin","100","64DA5D2C37087D3D049E6EB2C42086592E0E0233F63E50F01305DA88931D4C68"
"end-8-1.bin","44","A7D70C27C6AB55EDA13C0F23384E5951566AA385464E26C4EAE875450A3B881E"
"end-8-2.bin","100","A46AB1AD3125D125301563FC1D2542D3258823FA2FD924A85CF7DC835A0FB726"
"end-body-14CDD239.bin","20","26A7A16664263D7F19592969D92144E3F3AB36C69E5F2D57A1D262ED44438C04"
"end-body-70C14D2A.bin","20","BA79522A0AF6F85EF6C9CB9D60AA6F1DDA340F9CD0832DEF57786EB12629F9A8"
