"Path","Bytes","SHA256"
"D:\SWTORClassic\swtoremu\Assets2012April\swtor_main_systemgenerated_gom_1.tor","9766441","3CFDD738A2ACCB281B9939D635460667DF9A4387AF42EC9B89AE51D87872653E"
"D:\SWTORClassic\swtoremu\Client\Hook\Bin\x86\MemoryMan.dll","190976","1D9E7A3AFCA3BF8CCF8C270852AE91A2C1F577A4E2C3EDDE2C81FB19E5C12FB7"
"D:\SWTORClassic\swtoremu\Client\Hook\Src\MovementCollisionPrefixes.h","1134","62E3FCEEE649B3D975CA02996FC839E8EF8AFE0E50655B3CA4A2EEE32C045F38"
"D:\SWTORClassic\swtoremu\Client\Hook\Src\MovementCollisionTrace.h","9830","2766C6DF34969309744D8E33D90DC58598E56380CBB1DD6E64B4B40DC553D32D"
"D:\SWTORClassic\swtoremu\Client\Hook\Src\PhaseUpdatePrefixes.h","1059","2E034AE79950D7764CE295E3B9FA58F3D1CDE7B061333423F9E6CB48BF09CF43"
"D:\SWTORClassic\swtoremu\Client\Hook\Src\PhaseUpdateTrace.h","7758","CF1BDF300AE3EF723A28B2449CC3DDF982121A98DD10E295FD6BDCC45F77AD02"
"D:\SWTORClassic\swtoremu\Client\Hook\Src\RoomSelectionTrace.h","6961","27CDF6DA6A5FD6B507ED2FA5F208C8AA1FCE5AEC05D200346546CFEE8ED6E6B0"
"D:\SWTORClassic\swtoremu\Client\Hook\Src\ToR.cpp","75418","57E9C2254FD6034B228CAECD9821E7E036ACC4D6D440D84530A67A71FF8D6D0B"
"D:\SWTORClassic\swtoremu\Client\Hook\Src\TriggerCollisionPrefixes.h","747","BA3BC063CA70F86C08BA06B62E5DB57C41F7F2DC80A0D984E795B39060E8D976"
"D:\SWTORClassic\swtoremu\Client\Hook\Src\TriggerCollisionTrace.h","6660","4AADF869A63E8CAF7436BD33AD0FFDA65B490C5B7B271CAE86F1B5AB7C260C28"
"D:\SWTORClassic\swtoremu\Diagnostics\CompatibilityLauncher.cpp","138879","74A45BCCA50DAF70773774319B364ADC3F004EAD349387260C135E636E13D615"
"D:\SWTORClassic\swtoremu\Diagnostics\CompatibilityLauncher.exe","331776","07B64207DC882DCC40E2482F4D4A79AF2C01BD9B63AE0DE2D7ACA0BDA9424B39"
"D:\SWTORClassic\swtoremu\Diagnostics\Decode-Style7Replication.py","24335","35374C23256E84A82F0B87A5E00F6FDF85F3407190635D22A412A61AD0854AEC"
"D:\SWTORClassic\swtoremu\Diagnostics\GeneratedPhaseCandidate\tython_blockout-4611686019869492753-1.1.acrt","57636","ADC5A0CB3468D827821EED4D6B9773A83624548F34CFE8E38231BC3371A39B3C"
"D:\SWTORClassic\swtoremu\Diagnostics\GeneratedPhaseCandidate\tython_blockout-4611686019869492753-1.3.acrt","55","EFE780D0AD25CB7BB14C110B60589A0B76E4EC86C474E910AFEDBC0C45F8CA7D"
"D:\SWTORClassic\swtoremu\Diagnostics\GomCompatibility\ResourceCacheApril2012\scripts\65A4399D0102A007.scpt","9847","76B92E207918FC458B26554264A71A6D78A7EA8DAC29D8AD05F7E3D15AE5A60E"
"D:\SWTORClassic\swtoremu\Diagnostics\GomCompatibility\ResourceCacheApril2012\scripts\9308DE76F6AAF774.scpt","1837","E40D0EC5C65A14BCC5E980720831778318FF1DC7B43C2D9277AFE51365393F1F"
"D:\SWTORClassic\swtoremu\Diagnostics\GomCompatibility\ResourceCacheApril2012\scripts\C10C1F8290BE3551.scpt","47945","1DFA9168BDBD3A1B5267586B97AB7AEFCA9B5D715015ED43FD2188F849DE1F04"
"D:\SWTORClassic\swtoremu\Diagnostics\GomCompatibility\ResourceCacheApril2012\scripts\DE84C79A54362211.scpt","2399","053D8D59B1595A8536D88B7D9335EEB1FE2386F0762E9CB9A69C628DD8902EBD"
"D:\SWTORClassic\swtoremu\Diagnostics\MovementCollision-20260930\Launch.ps1","2550","80A9331290ECDF606F3DF661EE1F1B4E06E031C56532213182064566051F06A4"
"D:\SWTORClassic\swtoremu\Diagnostics\MovementCollision-20260930\Preserve-CurrentLogs.ps1","1321","117978194DDDC10D8D4587F1A90008A03B9BBA27EFD6E95C3B8358689A59FD95"
"D:\SWTORClassic\swtoremu\Diagnostics\PhaseFieldExit-20260930\Launch.ps1","2390","9B65EB48E206A50082983DD90E1FE8F087BFD9992DCD806FCA44FBA272694812"
"D:\SWTORClassic\swtoremu\Diagnostics\PhaseFieldExit-20260930\Preserve-CurrentLogs.ps1","1294","721A01D2015F3D237D3B206A7599D895932E7849E1B99EB6C1C51C7EDE0E1968"
"D:\SWTORClassic\swtoremu\Diagnostics\PhaseFormat-20260930\Verify-PhaseFormat.py","3174","69CB7ACA2871D7580BBDF237D359764BCF4FC99E5830BDA95C03061F85B339FB"
"D:\SWTORClassic\swtoremu\Diagnostics\PhaseLifecycle-20260930\Compare-LifecycleCandidates.ps1","1953","634C29FBF91007E2B92747FE1EFC9A73721BD8A5793A972DE4153C86A3B63B7A"
"D:\SWTORClassic\swtoremu\Diagnostics\PhaseLifecycle-20260930\Launch-Crt3Off.ps1","390","4DE0312A0E4D175C445CED559B4BA9879C48400B8D6659D4B48D22699A14AA06"
"D:\SWTORClassic\swtoremu\Diagnostics\PhaseLifecycle-20260930\Launch.ps1","2504","38DC7A9B1A8D4D1F47AEA47BDFC68181D5BACBF51FCF073CB28B556D909BB93C"
"D:\SWTORClassic\swtoremu\Diagnostics\PhaseLifecycle-20260930\Scan-LifecycleDiscovery.ps1","3470","F97CF559AF7C62D40E0B9C25B952E60BDBF7780D0A872CC05A6F1A2286E8B3CB"
"D:\SWTORClassic\swtoremu\Diagnostics\PhaseLifecycle-20260930\Watch-PhaseLifecycle.ps1","12470","3F740E7D8BCC25966D1FFD8302D70676E1F575215E814C773818D734CF4DD67B"
"D:\SWTORClassic\swtoremu\Diagnostics\PhaseTransitionAudit-20260930\Prepare-CallbackPrefixes.py","5055","D8267161483B17B0CE91E5D05CD115BCA8C8F34BC48C871AB8CE303BFC68F1DE"
"D:\SWTORClassic\swtoremu\Diagnostics\PhaseTransitionAudit-20260930\Test-CallbackAddress.py","2149","C5BD2B77E7132FD2C8E4C142EAEA3093F823F9354BFB841A39205ADD123F64D2"
"D:\SWTORClassic\swtoremu\Diagnostics\PlayerMovement-20260930\Generate-MovementPrefixes.py","2130","B98B0A0D8A992CBF6B5D21B268F6441F1D134003C733EF14138D4E25CEF8320D"
"D:\SWTORClassic\swtoremu\Diagnostics\RetreatGateway-20261001\Launch.ps1","2767","1BE5D03D7FB963E064323BC157ACC94508B317CEAB47CD681691DBCC285837CB"
"D:\SWTORClassic\swtoremu\Diagnostics\RetreatGateway-20261001\Preserve-CurrentLogs.ps1","1321","117978194DDDC10D8D4587F1A90008A03B9BBA27EFD6E95C3B8358689A59FD95"
"D:\SWTORClassic\swtoremu\Diagnostics\RoomSelection-20260930\Launch.ps1","2178","04A84766B74637119E115A0E9000E2E177481746A320B1835A0E89653CE16C12"
"D:\SWTORClassic\swtoremu\Diagnostics\RoomSelection-20260930\Verify-Prefixes.py","1578","5769ECB2C29EBA4457228BA2470F8E7963EC35DF99126E5026CCB7EA8C599197"
"D:\SWTORClassic\swtoremu\Diagnostics\SelectedPhaseExit-20260930\Launch.ps1","2386","6EDE3240EDA7DAB84A3EE88BDD71132CC46E8E110DDB8288A7FD81E3E4E7EC3D"
"D:\SWTORClassic\swtoremu\Diagnostics\SelectedPhaseExit-20260930\Preserve-CurrentLogs.ps1","1294","721A01D2015F3D237D3B206A7599D895932E7849E1B99EB6C1C51C7EDE0E1968"
"D:\SWTORClassic\swtoremu\Diagnostics\TaxiDevelopment-20261001\awareness-19.bin","620","F81BD88CDF1BE2289B561FE29540105965DACAA441795CD39E06296FA3E32185"
"D:\SWTORClassic\swtoremu\Diagnostics\TaxiDevelopment-20261001\awareness-8.bin","620","F778CA7B4CE0DD59F0CBA244C3CDF2183390DC7FFDD7D63565D87BC89CAE3543"
"D:\SWTORClassic\swtoremu\Diagnostics\TaxiDevelopment-20261001\clear-19.bin","110","7B97F12CC424073E8CC3E7CE3289E26F35FDCB06B292CAAF33B901F40F6692F1"
"D:\SWTORClassic\swtoremu\Diagnostics\TaxiDevelopment-20261001\clear-8.bin","110","554A8E7C95402922ED4FB5BB35943557F8A9020CF61E0E3080E092CA928C96C4"
"D:\SWTORClassic\swtoremu\Diagnostics\TaxiDevelopment-20261001\fixture.json","3171","5495067B3D44F4B1098B1E4B1A5586F915115CC62CE4D855020F28D988173640"
"D:\SWTORClassic\swtoremu\Diagnostics\TaxiDevelopment-20261001\Generate-Taxi.py","5438","A226A264A199A5DD298F6B2685DF9DC43967103915139CF0F98B6699561BDA53"
"D:\SWTORClassic\swtoremu\Diagnostics\TaxiDevelopment-20261001\Inspect-Awareness.py","2097","FE4EC500671E3D47767658C5AB02169BDD57B9F0D506302500425A22ECEAF976"
"D:\SWTORClassic\swtoremu\Diagnostics\TaxiDevelopment-20261001\known-19.bin","108","2AA53197D21DDADD3FE57304C3DA30FE33750D8502AD2524E214B7C3054A260D"
"D:\SWTORClassic\swtoremu\Diagnostics\TaxiDevelopment-20261001\known-8.bin","108","27C7308261C07FB4E1E12B65456F211DF4F18E9B44F1FD5798430B8C38AE14F2"
"D:\SWTORClassic\swtoremu\Diagnostics\TaxiDevelopment-20261001\Launch.ps1","3261","5AC526EBAC87CFF038E5C034842C25F6AC3865368463D3B71DC23606F3391EDB"
"D:\SWTORClassic\swtoremu\Diagnostics\TaxiDevelopment-20261001\open-19.bin","115","F3548981AD9D8B9BB3E0B26D6CB157D4E7C3AEDFAA42D761536A2C5DBAA489BF"
"D:\SWTORClassic\swtoremu\Diagnostics\TaxiDevelopment-20261001\open-8.bin","115","54296DFF29EBBA0DB4AA57821518C0C0223C74381FBF78B31FE69D1D3E64BED8"
"D:\SWTORClassic\swtoremu\Diagnostics\TaxiDevelopment-20261001\Preserve-CurrentLogs.ps1","1321","117978194DDDC10D8D4587F1A90008A03B9BBA27EFD6E95C3B8358689A59FD95"
"D:\SWTORClassic\swtoremu\Diagnostics\TaxiDevelopment-20261001\taxi-content.txt","68286","231B5D8580F9EF777CC05B900C89D46CE111D72F5D2582276CF3F3DD8E3E353E"
"D:\SWTORClassic\swtoremu\Diagnostics\TaxiDevelopment-20261001\Test-Taxi.ps1","1762","A2FEEF118D4ECC3EC83C9210D1D0928B8B42D4AF42D54E3466D454231420F012"
"D:\SWTORClassic\swtoremu\Diagnostics\TaxiDevelopment-20261001\Verify-Taxi.py","2898","11146F83CF1BF983E5DFB2E96D77E31465FD9DCB4E33DE33FFD1ACE1EE13AFCF"
"D:\SWTORClassic\swtoremu\Diagnostics\Test-PhaseLifecycleDiscovery.ps1","3974","D6AC6165EE2A9AADD53CD54578E0D8782D510FADCC67B2BCF895051CB119462D"
"D:\SWTORClassic\swtoremu\Diagnostics\Test-PhaseLifecycleReadiness.ps1","1888","8D5B7F68DCE45D88AD4D80AD4600473EF57A891BB21B5F4F27A8F8B8301F5250"
"D:\SWTORClassic\swtoremu\Diagnostics\Test-PhaseLifecycleSignatures.ps1","3961","F91E8CA774339B4D90FEAA6F33474B1590740D2D53B0CA6B02869CBA43103A72"
"D:\SWTORClassic\swtoremu\Diagnostics\TriggerCollision-20260930\Launch.ps1","2213","B3AF4B8108703DEEC0FFB44A6315A2682A03393E8AB0184EE246E7B36B3495C5"
"D:\SWTORClassic\swtoremu\Diagnostics\TriggerCollision-20260930\Preserve-CurrentLogs.ps1","1294","721A01D2015F3D237D3B206A7599D895932E7849E1B99EB6C1C51C7EDE0E1968"
"D:\SWTORClassic\swtoremu\Diagnostics\TriggerCollision-20260930\Verify-Prefixes.py","2433","6B50A046531F0CF329ACA26E94A18A402BAA31F8102FF3829C8FFBA8EC15C8F1"
"D:\SWTORClassic\swtoremu\nexusclient\nexusclient\swtor-emu.exe","17862496","2B47C25D2937A3DF2BE727A3224A93D748A5CDFA0F629B1A1C4FDCC163FB8494"
"D:\SWTORClassic\swtoremu\Run-SWTORClassic-MovementCollision.cmd","295","3AF665768E1F092902F46FB635BF1D8AF2B145136C8E6FBDE1F790C264E928CB"
"D:\SWTORClassic\swtoremu\Run-SWTORClassic-PhaseFieldExit.cmd","282","8735A702BAF29BAFC87310B50F0C314F915A41940BEC38874B8818145175FEF9"
"D:\SWTORClassic\swtoremu\Run-SWTORClassic-PhaseLifecycle-Crt3Off.cmd","383","E4AFE6C1328D248768A92336218BFFA2C551F21CB78EBB9D4E4D98DB69545A81"
"D:\SWTORClassic\swtoremu\Run-SWTORClassic-PhaseLifecycle.cmd","576","C9953D80FBFDE448E2AA18FC866B35C42EAB867BEE70A07E66089895DB89B695"
"D:\SWTORClassic\swtoremu\Run-SWTORClassic-RetreatGateway.cmd","287","BBA3452E443D83BC75810B4C61EF0BB43AC154B94039C599C2DD2337A3AB4AA8"
"D:\SWTORClassic\swtoremu\Run-SWTORClassic-RoomSelection.cmd","301","6689A7EADC4025630659E492021D3B5EF5512B31B668BE66993F76728FFD4B81"
"D:\SWTORClassic\swtoremu\Run-SWTORClassic-SelectedPhaseExit.cmd","295","41C779AB196723E8A4FB2D44526F8E6B13F3B5F3AC29573148CBCF7EE70A5CCD"
"D:\SWTORClassic\swtoremu\Run-SWTORClassic-Trace-Tython.cmd","23283","05DE93E16305014D0AC5019A083C1092C0D34D5B71E5EDB82BD66F6F2E11A74C"
"D:\SWTORClassic\swtoremu\Run-SWTORClassic-TriggerCollision.cmd","314","7AF2DE0B71F7EC9B92DB7DF9E1F36E6F710136316364E43A1E524912A72D1373"
"D:\SWTORClassic\swtoremu\SharpServer\AreaServer\PhaseExit.cs","9952","AA6BE8B385F247D493C77F78BB7C2C3CD9C59EDAB11623E6F8672A2729B26D32"
"D:\SWTORClassic\swtoremu\SharpServer\AreaServer\PlayerMovementState.cs","4653","54BCC49627AF56FEDF436F0529330FF12A19EC13984183B754895BE4E314733A"
"D:\SWTORClassic\swtoremu\SharpServer\AreaServer\RetreatGatewayState.cs","1962","68A25E8BF652976AD19E6FF8B39281C8CAD679CEF4307DA1AE759ADF06CA48AA"
"D:\SWTORClassic\swtoremu\SharpServer\AreaServer\TaxiNpc.bin","612","D1FFA71CBD71B4619C4B8CADBF52522B1DBBA71003EB6DCC52365032274051A4"
"D:\SWTORClassic\swtoremu\SharpServer\AreaServer\TythonTaxi.cs","3040","7FF69EE08D90F0A679B379C1EB02AFB95C45F6F645DB46E88565E8DC70EF8F51"
"D:\SWTORClassic\swtoremu\SharpServer\AreaServer\WellerConversation.cs","5983","D7D8475621013E3759A8CC59734E22B9E0D4D9F2F565DDC90579925192CF0ADD"
"D:\SWTORClassic\swtoremu\SharpServer\bin\Debug\NexusToRServer.exe","913408","32307F196AAEEF7648208D7DA865368A2112BF3B2EE621B21DE13293668CF2FD"
"D:\SWTORClassic\swtoremu\SharpServer\NET\Packets\Client\CMsg61116AD5.cs","4175","DD6AAD3EEA9E41C73236A4E6C7507D6BB36E61818CBB8B1046EC21297F397209"
"D:\SWTORClassic\swtoremu\SharpServer\NET\Packets\Client\CMsgF96DCDB0.cs","45429","71184FC39329C17CC1963ACF7CCAD7229B29BA2B1D90603B994913A9048886C4"
"D:\SWTORClassic\swtoremu\SharpServer\NET\Packets\Server\AreaAbilityEffectReplication.cs","37495","EB8C29EF7C31191C7EDD1F9E83A98D2C001100D15F83D814651B06CBACA2CA59"
"D:\SWTORClassic\swtoremu\SharpServer\NET\Packets\Server\AreaPlayerMovementUpdate.cs","3324","56B2F64C59D41E91903B84B408D61EE0B466EAB42C969A952DB58DA9FBB4C93D"
"D:\SWTORClassic\swtoremu\SharpServer\NET\Packets\Server\AreaReplicationDestroy.cs","6063","E366E7E47FAA7BC33BCE25F6D1FCF1D0391F54A923728EA5A255BB2D0DD3116B"
"D:\SWTORClassic\swtoremu\SharpServer\NET\Packets\Server\AreaStartupBundle.cs","10693","DA84AC8FE321B84D71306C1AE2F888C6E0505EF893BD4466BB0933F8F3A75A35"
"D:\SWTORClassic\swtoremu\SharpServer\NET\Packets\Server\AreaTaxiAwareness.cs","2598","F9BFC83FC9F9FB1C0256BAAEAAC36A58399835DF996DD274996B515E0C4F38A1"
"D:\SWTORClassic\swtoremu\SharpServer\NET\Packets\Server\AreaTaxiInteraction.cs","3021","0A3B692BBB087807052BE2192D875BAB22B9D6480053980B305A6F06AFC8BC9B"
"D:\SWTORClassic\swtoremu\SharpServer\NET\Packets\Server\AreaWellerConversation.cs","4950","948FC16B2B763C3539082E3C6005E1C5FEACBE9CDF8AC2302525575C8D60BE8B"
"D:\SWTORClassic\swtoremu\SharpServer\NET\TORGameServerPacket.cs","4605","6F7C01E231B1F7DE8303B6CF861FDD5521EAA454F4753F38D63465A0A1ABC82F"
"D:\SWTORClassic\swtoremu\SharpServer\NexusToRServer.csproj","33266","2D835DB09135D6E0A4400F4D67D854AACB8CBB3F7AACBCBDA752175F61F0F04E"
"D:\SWTORClassic\swtoremu\Run-SWTORClassic-Taxi.cmd","271","6D7CD2464C9B62593A561547F01E7FA28EF94A448F946F6CE54E657E46BB0ABC"
"D:\SWTORClassic\swtoremu\Diagnostics\TaxiDevelopment-20261001\AUDIT.md","5378","F619EA96678914B24806F0B1ECAF10DB8BE8A085CC469B9F215FCB03CB95662E"
"D:\SWTORClassic\swtoremu\Diagnostics\Experiments\2026-10-01-04-tython-taxi-npc-and-travel-map.md","3033","DD25A3A693751539D72DFCFFE855DD33C023A354A0D2160DFC2963F9AA2F62B7"
