"Kind","Candidate","PrefixBytes","MaskedBytes","Mismatches","FirstDifferences"
"PhaseInfoDestroy","40024-PhaseInfoDestroy-0xF092D6B0.bin","128","24","3","7D:FC/6F;7E:FF/49;7F:FF/AD"
"UpdateGateway","40024-UpdateGateway-0xEC712670.bin","128","28","4","3E:00/54;3F:00/1A;40:00/2C;41:00/01"
"PlayerPhaseCreate","40024-PlayerPhaseCreate-0xEC57C810.bin","128","16","0",""
"PlayerPhaseCreate","40024-PlayerPhaseCreate-0xEC745810.bin","128","16","81","10:8D/8B;11:74/44;13:10/24;15:74/44;17:04/08;18:C7/8D;19:44/74;1B:0C/10;1C:C6/89;1D:7C/74;1E:00/24;1F:E0/04"
"PlayerPhaseCreate","40024-PlayerPhaseCreate-0xEC829810.bin","128","16","85","19:44/04;1B:0C/01;1C:C6/00;1D:7C/00;1F:E0/E8;20:C7/9C;21:44/2E;22:24/BD;23:08/13;24:EC/8B;25:0D/04;26:E7/25"
"PlayerPhaseCreate","40024-PlayerPhaseCreate-0xEC86C1D0.bin","128","16","78","10:8D/8B;11:74/44;13:10/24;15:74/44;17:04/08;18:C7/8D;19:44/74;1B:0C/10;1C:C6/89;1D:7C/74;1E:00/24;1F:E0/04"
"PlayerPhaseCreate","40024-PlayerPhaseCreate-0xF08FFEF2.bin","128","16","94","10:8D/C7;11:74/04;13:10/06;14:89/00;15:74/00;16:24/00;17:04/E8;18:C7/92;19:44/21;1A:24/B0;1B:0C/0F;1C:C6/E8"
"PlayerPhaseDestroy","40024-PlayerPhaseDestroy-0xEC57CB00.bin","128","24","0",""
"PlayerPhaseDestroy","40024-PlayerPhaseDestroy-0xEC85F6C0.bin","128","24","64","1E:01/02;27:89/09;28:04/C2;29:24/85;2A:C7/D2;2B:44/0F;2C:24/84;2D:04/C2;2E:02/00;31:00/C7;32:E8/04;37:09/00"
"PlayerPhaseDestroy","40024-PlayerPhaseDestroy-0xF093C050.bin","128","24","82","13:8B/8D;14:74/44;16:40/28;18:34/44;1A:C7/08;1B:44/8B;1C:24/44;1D:04/24;1E:01/44;1F:00/89;20:00/44;21:00/24"
"PlayerPhaseDestroy","40024-PlayerPhaseDestroy-0xF0A4E9C0.bin","128","24","81","13:8B/C7;14:74/04;16:40/1D;17:89/00;18:34/00;19:24/00;1A:C7/8B;1B:44/74;1D:04/4C;1E:01/8B;1F:00/7C;20:00/24"
