"SourceRoom","NodeID","AssetID","Position","PortalTag","TargetRoomID","TargetRoom"
"gnarls_new","4611686035571070074","4611686034611470000","(28.1497001648,-4.29390001297,-86.8768997192)","false","4611686031438138953","gnarls_knight_cave_instance"
"gnarls_new","4611686037462170548","4611686034611470000","(-58.1497993469,-6.7171998024,-132.465103149)","false","4611686037462170533","gnarls_retreat_int_a"
"gnarls_new","4611686037462170550","4611686034611470000","(-58.1875,-6.7171998024,-131.160293579)","false","4611686037462170534","gnarls_retreat_int_b"
"gnarls_new","4611686037462170552","4611686034611470000","(-62.3585014343,-6.72209978104,-127.005599976)","false","4611686037462170535","gnarls_retreat_int_c"
"gnarls_new","4611686037462170554","4611686034611470000","(-63.6394996643,-6.71969985962,-126.927101135)","false","4611686037462170536","gnarls_retreat_int_d"
"gnarls_retreat_int_a","4611686037462170547","4611686034611470000","(-58.0850982666,-6.74230003357,-132.404602051)","false","4611686024647056040","gnarls_new"
"gnarls_retreat_int_b","4611686037462170549","4611686034611470000","(-58.1539993286,-6.74550008774,-131.215698242)","false","4611686024647056040","gnarls_new"
"gnarls_retreat_int_c","4611686037462170551","4611686034611470000","(-62.4149017334,-6.74280023575,-126.953697205)","false","4611686024647056040","gnarls_new"
"gnarls_retreat_int_d","4611686037462170553","4611686034611470000","(-63.5996017456,-6.74069976807,-126.887397766)","false","4611686024647056040","gnarls_new"
