"Name","SHA256"
"authored-portal-targets.csv","C721465F0044210CB91C669DBA38C064516CDD2CCEC112FDAEBF5660445037FF"
"crt3off-observed-server-order.log","A06DCF8A58C575C566DB594DE7C25ABF0B032F92AD144C144DD9646F9944EBCD"
"FINDINGS.md","8BF28A73BCD7CFFC91C059CCB332197CA6F719A84BE7E7DA60720C22B3E9FB70"
"gnarls_new-settings-links.txt","43D8619BC3105DCA2FC9FF4C18675D0E2D1BF20F0B2AE5700F9ED8C0B6673E11"
"gnarls_retreat_int_a-settings-links.txt","476F112D5EE7055DBDDABB9FCC670AB7E07C8BFCECCD5ED99A13153D2258CA27"
"gnarls_retreat_int_b-settings-links.txt","931DAC03401DA7C1FBFFCCD9CC6F542C38931C02813773F5D1A827B0FE664257"
"gnarls_retreat_int_c-settings-links.txt","FA92FF2FB000FBDEB143945FCD468405ED8D23517D95480B1D5E586BDC221F47"
"gnarls_retreat_int_d-settings-links.txt","BB042A3374F0ECFC77FD255FF2CB03C2A7AEC1073396BC63933CFF7E35CEEDA8"
"inputs.csv","20AD32A1B9870074C7D1D8DDFB0EF4ACFA86E4F63837B98FB942FB79D28AE759"
