"Algorithm","Hash","Path"
"SHA256","59AF7A49F94DDB5414EC8E6D7BED7ACD6552C3C4536F33FA3A5477653B681CC7","D:\SWTORClassic\swtoremu\Diagnostics\DoorwayControl-20260930\live-analysis\counts.txt"
"SHA256","34BDC052E46A4C2D4FBB510AE959BE808F12B1CE16D3A9EBF8945CE21A512DAB","D:\SWTORClassic\swtoremu\Diagnostics\DoorwayControl-20260930\live-analysis\destroy-workbench.txt"
"SHA256","2D778389B9465B1EB22F7642EF6499DEB7C75BB4A9ED7DF24676EE8F26C50FE0","D:\SWTORClassic\swtoremu\Diagnostics\DoorwayControl-20260930\live-analysis\destroy.hex"
"SHA256","214E70FB419ED4481A4184446B1E800233F3E0065E68B9A9FCE8594C1FF30BC1","D:\SWTORClassic\swtoremu\Diagnostics\DoorwayControl-20260930\live-analysis\effective-server-switches.txt"
"SHA256","835E650BB8C488B042951789F033FAC6E7F748A65B3C382E25F127C66B02964F","D:\SWTORClassic\swtoremu\Diagnostics\DoorwayControl-20260930\live-analysis\environment-comparison.txt"
"SHA256","82A2112050535A55531DD209ABF8CE63222838285176A74F034D116035F220CF","D:\SWTORClassic\swtoremu\Diagnostics\DoorwayControl-20260930\live-analysis\hook-crossing-window.log"
"SHA256","5981A7DC8321B3CA5EBC16BDADAE72C23A40CD89C907B51CE8EE70EB0E3083CB","D:\SWTORClassic\swtoremu\Diagnostics\DoorwayControl-20260930\live-analysis\launch-requested.txt"
"SHA256","3A32C4D1BB89D3CF28C8F67660A45A8653CBA1130E50575913C9359D4DFEA395","D:\SWTORClassic\swtoremu\Diagnostics\DoorwayControl-20260930\live-analysis\movement.csv"
"SHA256","3E15C75840F45AACAE7265F97C6594CA33C5E10F5F9949FA6DAD08FB81A25A1F","D:\SWTORClassic\swtoremu\Diagnostics\DoorwayControl-20260930\live-analysis\native-state-disassembly.txt"
"SHA256","E659072CBA3E2AF0B90D0F934738EB516A5A130C60D911BA5768AA38A008CE70","D:\SWTORClassic\swtoremu\Diagnostics\DoorwayControl-20260930\live-analysis\native-state-end.txt"
"SHA256","E7D48F932B1697522407EFECFC5785A2E124ACD75C95268AE388EDEF2568B806","D:\SWTORClassic\swtoremu\Diagnostics\DoorwayControl-20260930\live-analysis\native-state-start.txt"
"SHA256","DD9C2DA9BA3455FD6CEE98B287D7BD0A56CCB022BE6E841D88F9BD959BB81F7A","D:\SWTORClassic\swtoremu\Diagnostics\DoorwayControl-20260930\live-analysis\native-world-travel-state.log"
"SHA256","021607E69007D4FDE795241D8B4BBB38A36CB9C38E6F2334D90DCD7BA7B87C2A","D:\SWTORClassic\swtoremu\Diagnostics\DoorwayControl-20260930\live-analysis\opcode-summary.txt"
"SHA256","AF2780FCCC10E258129D0F7E1CCD7E4E6D470D872F6A86E1CB5D7EAF715B4CD0","D:\SWTORClassic\swtoremu\Diagnostics\DoorwayControl-20260930\live-analysis\processes.json"
"SHA256","A81B90FD5D907015C74668CE15003704F1BBD0DB2B608BA30B8D805BBB5269C4","D:\SWTORClassic\swtoremu\Diagnostics\DoorwayControl-20260930\live-analysis\Read-WorldTravelState.source.ps1"
"SHA256","B7DFC45F20CFC0108031705D2994E419292F9051741C0CE877AE0B6EE2E37F0D","D:\SWTORClassic\swtoremu\Diagnostics\DoorwayControl-20260930\live-analysis\RESULTS.md"
"SHA256","2C4391DE5C658DF3A3967EDA0654447D5105976D3125379F82B1C6B957878D52","D:\SWTORClassic\swtoremu\Diagnostics\DoorwayControl-20260930\live-analysis\server-crossing-window.log"
"SHA256","75856F5BD6D9C169DBF8F0D388800A8A9B50DB7C811983BED5EEDA36602F5EE4","D:\SWTORClassic\swtoremu\Diagnostics\DoorwayControl-20260930\live-analysis\sources.txt"
"SHA256","B641998E2A1C006D8082F1921F70ED37F516EE9EAAEBBEEE09DE7E1AF9BBEF1C","D:\SWTORClassic\swtoremu\Diagnostics\DoorwayControl-20260930\live-analysis\Test-PacketWorkbench.log"
"SHA256","298DB0E8A6BF677D9E1FDE99BAA9376794B9524577C655EEDBB061AB3A52A778","D:\SWTORClassic\swtoremu\Diagnostics\DoorwayControl-20260930\live-analysis\user-client-open.png"
