"LocalTime","ElapsedMs","Event","PID","Area","RootState","RootAux","PrimaryRoom","PrimaryState","PrimaryAux","SecondaryRoom","SecondaryState","SecondaryAux","TreeSentinel","TreeBegin"
"2026-09-30T00:22:56.4857459-04:00","8","change","45972","0xF41439A0","0","0","0x00000000","","","0x00000000","","","0xF4143D7C","0xF4143D7C"
"2026-09-30T00:22:56.5174430-04:00","42","change","45972","0xF41439A0","0","1","0x00000000","","","0x00000000","","","0xF4143D7C","0xF4143D7C"
"2026-09-30T00:22:56.6550951-04:00","180","change","45972","0xF41439A0","0","2","0xF4C91500","0","0","0x00000000","","","0xF4143D7C","0xE9553F60"
"2026-09-30T00:22:56.7615316-04:00","287","change","45972","0xF41439A0","0","2","0xF4C91500","0","1","0x00000000","","","0xF4143D7C","0xE9553F60"
"2026-09-30T00:22:56.7941004-04:00","319","change","45972","0xF41439A0","0","2","0xF4C91500","0","6","0x00000000","","","0xF4143D7C","0xE9553F60"
"2026-09-30T00:22:56.8413555-04:00","367","change","45972","0xF41439A0","0","2","0xF4C91500","2","6","0xF4C93A00","2","6","0xF4143D7C","0xE9553F60"
"2026-09-30T00:22:57.3072706-04:00","833","change","45972","0xF41439A0","3","6","0xF4C91500","2","6","0xF4C93A00","2","6","0xF4143D7C","0xE9553F60"
"2026-09-30T00:22:57.7616487-04:00","1287","change","45972","0xF41439A0","3","6","0xF4C91500","3","6","0xF4C93A00","3","6","0xF4143D7C","0xE9553F60"
"2026-09-30T00:23:11.0141609-04:00","14539","change","45972","0xF41439A0","0","1","0x00000000","","","0x00000000","","","0xF4143D7C","0xF4143D7C"
"2026-09-30T00:23:11.1690579-04:00","14695","change","45972","0xF41439A0","0","3","0xD2C14500","0","0","0x00000000","","","0xF4143D7C","0xD2B64E70"
"2026-09-30T00:23:11.2164662-04:00","14741","change","45972","0xF41439A0","0","2","0xD2C14500","0","0","0x00000000","","","0xF4143D7C","0xD2B64E70"
"2026-09-30T00:23:11.6031381-04:00","15128","change","45972","0xF41439A0","0","2","0xD2C14500","0","6","0x00000000","","","0xF4143D7C","0xD2B64E70"
"2026-09-30T00:23:12.0615856-04:00","15587","change","45972","0xF41439A0","0","2","0xD2C14500","2","6","0x00000000","","","0xF4143D7C","0xD2B64E70"
"2026-09-30T00:23:15.0946195-04:00","18620","change","45972","0xF41439A0","3","6","0xD2C14500","2","6","0x00000000","","","0xF4143D7C","0xD2B64E70"
"2026-09-30T00:23:30.6851014-04:00","34210","change","45972","0xF41439A0","3","6","0xD2C14500","3","6","0xD2C15500","3","6","0xF4143D7C","0xD2B64E70"
