LocalTime,ElapsedMs,Event,PID,Area,RootState,RootAux,PrimaryRoom,PrimaryState,PrimaryAux,SecondaryRoom,SecondaryState,SecondaryAux,TreeSentinel,TreeBegin
2026-09-30T00:22:56.4857459-04:00,8,change,45972,0xF41439A0,0,0,0x00000000,,,0x00000000,,,0xF4143D7C,0xF4143D7C
2026-09-30T00:22:56.5174430-04:00,42,change,45972,0xF41439A0,0,1,0x00000000,,,0x00000000,,,0xF4143D7C,0xF4143D7C
2026-09-30T00:22:56.6550951-04:00,180,change,45972,0xF41439A0,0,2,0xF4C91500,0,0,0x00000000,,,0xF4143D7C,0xE9553F60
2026-09-30T00:22:56.7615316-04:00,287,change,45972,0xF41439A0,0,2,0xF4C91500,0,1,0x00000000,,,0xF4143D7C,0xE9553F60
2026-09-30T00:22:56.7941004-04:00,319,change,45972,0xF41439A0,0,2,0xF4C91500,0,6,0x00000000,,,0xF4143D7C,0xE9553F60
2026-09-30T00:22:56.8413555-04:00,367,change,45972,0xF41439A0,0,2,0xF4C91500,2,6,0xF4C93A00,2,6,0xF4143D7C,0xE9553F60
2026-09-30T00:22:57.3072706-04:00,833,change,45972,0xF41439A0,3,6,0xF4C91500,2,6,0xF4C93A00,2,6,0xF4143D7C,0xE9553F60
2026-09-30T00:22:57.7616487-04:00,1287,change,45972,0xF41439A0,3,6,0xF4C91500,3,6,0xF4C93A00,3,6,0xF4143D7C,0xE9553F60
2026-09-30T00:22:58.7781612-04:00,2304,heartbeat,45972,0xF41439A0,3,6,0xF4C91500,3,6,0xF4C93A00,3,6,0xF4143D7C,0xE9553F60
2026-09-30T00:22:59.7898342-04:00,3315,heartbeat,45972,0xF41439A0,3,6,0xF4C91500,3,6,0xF4C93A00,3,6,0xF4143D7C,0xE9553F60
2026-09-30T00:23:00.8079947-04:00,4333,heartbeat,45972,0xF41439A0,3,6,0xF4C91500,3,6,0xF4C93A00,3,6,0xF4143D7C,0xE9553F60
2026-09-30T00:23:01.8360785-04:00,5361,heartbeat,45972,0xF41439A0,3,6,0xF4C91500,3,6,0xF4C93A00,3,6,0xF4143D7C,0xE9553F60
2026-09-30T00:23:02.8629645-04:00,6389,heartbeat,45972,0xF41439A0,3,6,0xF4C91500,3,6,0xF4C93A00,3,6,0xF4143D7C,0xE9553F60
2026-09-30T00:23:03.8658031-04:00,7391,heartbeat,45972,0xF41439A0,3,6,0xF4C91500,3,6,0xF4C93A00,3,6,0xF4143D7C,0xE9553F60
2026-09-30T00:23:04.8953702-04:00,8420,heartbeat,45972,0xF41439A0,3,6,0xF4C91500,3,6,0xF4C93A00,3,6,0xF4143D7C,0xE9553F60
2026-09-30T00:23:05.8977920-04:00,9423,heartbeat,45972,0xF41439A0,3,6,0xF4C91500,3,6,0xF4C93A00,3,6,0xF4143D7C,0xE9553F60
2026-09-30T00:23:06.9242433-04:00,10449,heartbeat,45972,0xF41439A0,3,6,0xF4C91500,3,6,0xF4C93A00,3,6,0xF4143D7C,0xE9553F60
2026-09-30T00:23:07.9274940-04:00,11453,heartbeat,45972,0xF41439A0,3,6,0xF4C91500,3,6,0xF4C93A00,3,6,0xF4143D7C,0xE9553F60
2026-09-30T00:23:08.9552365-04:00,12480,heartbeat,45972,0xF41439A0,3,6,0xF4C91500,3,6,0xF4C93A00,3,6,0xF4143D7C,0xE9553F60
2026-09-30T00:23:09.9682739-04:00,13493,heartbeat,45972,0xF41439A0,3,6,0xF4C91500,3,6,0xF4C93A00,3,6,0xF4143D7C,0xE9553F60
2026-09-30T00:23:10.9680802-04:00,14494,heartbeat,45972,0xF41439A0,3,6,0xF4C91500,3,6,0xF4C93A00,3,6,0xF4143D7C,0xE9553F60
2026-09-30T00:23:11.0141609-04:00,14539,change,45972,0xF41439A0,0,1,0x00000000,,,0x00000000,,,0xF4143D7C,0xF4143D7C
2026-09-30T00:23:11.1690579-04:00,14695,change,45972,0xF41439A0,0,3,0xD2C14500,0,0,0x00000000,,,0xF4143D7C,0xD2B64E70
2026-09-30T00:23:11.2164662-04:00,14741,change,45972,0xF41439A0,0,2,0xD2C14500,0,0,0x00000000,,,0xF4143D7C,0xD2B64E70
2026-09-30T00:23:11.6031381-04:00,15128,change,45972,0xF41439A0,0,2,0xD2C14500,0,6,0x00000000,,,0xF4143D7C,0xD2B64E70
2026-09-30T00:23:12.0615856-04:00,15587,change,45972,0xF41439A0,0,2,0xD2C14500,2,6,0x00000000,,,0xF4143D7C,0xD2B64E70
2026-09-30T00:23:13.0612935-04:00,16587,heartbeat,45972,0xF41439A0,0,2,0xD2C14500,2,6,0x00000000,,,0xF4143D7C,0xD2B64E70
2026-09-30T00:23:14.1063388-04:00,17632,heartbeat,45972,0xF41439A0,0,2,0xD2C14500,2,6,0x00000000,,,0xF4143D7C,0xD2B64E70
2026-09-30T00:23:15.0946195-04:00,18620,change,45972,0xF41439A0,3,6,0xD2C14500,2,6,0x00000000,,,0xF4143D7C,0xD2B64E70
2026-09-30T00:23:16.0985637-04:00,19623,heartbeat,45972,0xF41439A0,3,6,0xD2C14500,2,6,0x00000000,,,0xF4143D7C,0xD2B64E70
2026-09-30T00:23:17.1295018-04:00,20654,heartbeat,45972,0xF41439A0,3,6,0xD2C14500,2,6,0x00000000,,,0xF4143D7C,0xD2B64E70
2026-09-30T00:23:18.1301319-04:00,21655,heartbeat,45972,0xF41439A0,3,6,0xD2C14500,2,6,0x00000000,,,0xF4143D7C,0xD2B64E70
2026-09-30T00:23:19.1577540-04:00,22683,heartbeat,45972,0xF41439A0,3,6,0xD2C14500,2,6,0x00000000,,,0xF4143D7C,0xD2B64E70
2026-09-30T00:23:20.1716497-04:00,23697,heartbeat,45972,0xF41439A0,3,6,0xD2C14500,2,6,0x00000000,,,0xF4143D7C,0xD2B64E70
2026-09-30T00:23:21.1979749-04:00,24723,heartbeat,45972,0xF41439A0,3,6,0xD2C14500,2,6,0x00000000,,,0xF4143D7C,0xD2B64E70
2026-09-30T00:23:22.2017794-04:00,25727,heartbeat,45972,0xF41439A0,3,6,0xD2C14500,2,6,0x00000000,,,0xF4143D7C,0xD2B64E70
2026-09-30T00:23:23.2318884-04:00,26757,heartbeat,45972,0xF41439A0,3,6,0xD2C14500,2,6,0x00000000,,,0xF4143D7C,0xD2B64E70
2026-09-30T00:23:24.2429913-04:00,27768,heartbeat,45972,0xF41439A0,3,6,0xD2C14500,2,6,0x00000000,,,0xF4143D7C,0xD2B64E70
2026-09-30T00:23:25.2756636-04:00,28800,heartbeat,45972,0xF41439A0,3,6,0xD2C14500,2,6,0x00000000,,,0xF4143D7C,0xD2B64E70
2026-09-30T00:23:26.2915487-04:00,29817,heartbeat,45972,0xF41439A0,3,6,0xD2C14500,2,6,0x00000000,,,0xF4143D7C,0xD2B64E70
2026-09-30T00:23:27.3150095-04:00,30840,heartbeat,45972,0xF41439A0,3,6,0xD2C14500,2,6,0x00000000,,,0xF4143D7C,0xD2B64E70
2026-09-30T00:23:28.3196409-04:00,31844,heartbeat,45972,0xF41439A0,3,6,0xD2C14500,2,6,0x00000000,,,0xF4143D7C,0xD2B64E70
2026-09-30T00:23:29.3456087-04:00,32871,heartbeat,45972,0xF41439A0,3,6,0xD2C14500,2,6,0x00000000,,,0xF4143D7C,0xD2B64E70
2026-09-30T00:23:30.3566227-04:00,33882,heartbeat,45972,0xF41439A0,3,6,0xD2C14500,2,6,0x00000000,,,0xF4143D7C,0xD2B64E70
2026-09-30T00:23:30.6851014-04:00,34210,change,45972,0xF41439A0,3,6,0xD2C14500,3,6,0xD2C15500,3,6,0xF4143D7C,0xD2B64E70
2026-09-30T00:23:31.7145371-04:00,35239,heartbeat,45972,0xF41439A0,3,6,0xD2C14500,3,6,0xD2C15500,3,6,0xF4143D7C,0xD2B64E70
2026-09-30T00:23:32.7354247-04:00,36261,heartbeat,45972,0xF41439A0,3,6,0xD2C14500,3,6,0xD2C15500,3,6,0xF4143D7C,0xD2B64E70
2026-09-30T00:23:33.7648835-04:00,37290,heartbeat,45972,0xF41439A0,3,6,0xD2C14500,3,6,0xD2C15500,3,6,0xF4143D7C,0xD2B64E70
2026-09-30T00:23:34.8121135-04:00,38338,heartbeat,45972,0xF41439A0,3,6,0xD2C14500,3,6,0xD2C15500,3,6,0xF4143D7C,0xD2B64E70
2026-09-30T00:23:35.8241446-04:00,39349,heartbeat,45972,0xF41439A0,3,6,0xD2C14500,3,6,0xD2C15500,3,6,0xF4143D7C,0xD2B64E70
2026-09-30T00:23:36.8417698-04:00,40367,heartbeat,45972,0xF41439A0,3,6,0xD2C14500,3,6,0xD2C15500,3,6,0xF4143D7C,0xD2B64E70
2026-09-30T00:23:37.8707713-04:00,41395,heartbeat,45972,0xF41439A0,3,6,0xD2C14500,3,6,0xD2C15500,3,6,0xF4143D7C,0xD2B64E70
2026-09-30T00:23:38.8999332-04:00,42424,heartbeat,45972,0xF41439A0,3,6,0xD2C14500,3,6,0xD2C15500,3,6,0xF4143D7C,0xD2B64E70
2026-09-30T00:23:39.9015501-04:00,43426,heartbeat,45972,0xF41439A0,3,6,0xD2C14500,3,6,0xD2C15500,3,6,0xF4143D7C,0xD2B64E70
2026-09-30T00:23:40.9319659-04:00,44457,heartbeat,45972,0xF41439A0,3,6,0xD2C14500,3,6,0xD2C15500,3,6,0xF4143D7C,0xD2B64E70
2026-09-30T00:23:41.9665416-04:00,45491,heartbeat,45972,0xF41439A0,3,6,0xD2C14500,3,6,0xD2C15500,3,6,0xF4143D7C,0xD2B64E70
2026-09-30T00:23:42.9929167-04:00,46518,heartbeat,45972,0xF41439A0,3,6,0xD2C14500,3,6,0xD2C15500,3,6,0xF4143D7C,0xD2B64E70
2026-09-30T00:23:44.0197560-04:00,47544,heartbeat,45972,0xF41439A0,3,6,0xD2C14500,3,6,0xD2C15500,3,6,0xF4143D7C,0xD2B64E70
2026-09-30T00:23:45.0221818-04:00,48547,heartbeat,45972,0xF41439A0,3,6,0xD2C14500,3,6,0xD2C15500,3,6,0xF4143D7C,0xD2B64E70
2026-09-30T00:23:46.0233136-04:00,49549,heartbeat,45972,0xF41439A0,3,6,0xD2C14500,3,6,0xD2C15500,3,6,0xF4143D7C,0xD2B64E70
2026-09-30T00:23:47.0531332-04:00,50578,heartbeat,45972,0xF41439A0,3,6,0xD2C14500,3,6,0xD2C15500,3,6,0xF4143D7C,0xD2B64E70
2026-09-30T00:23:48.0811221-04:00,51606,heartbeat,45972,0xF41439A0,3,6,0xD2C14500,3,6,0xD2C15500,3,6,0xF4143D7C,0xD2B64E70
2026-09-30T00:23:49.0936365-04:00,52619,heartbeat,45972,0xF41439A0,3,6,0xD2C14500,3,6,0xD2C15500,3,6,0xF4143D7C,0xD2B64E70
2026-09-30T00:23:50.1405894-04:00,53665,heartbeat,45972,0xF41439A0,3,6,0xD2C14500,3,6,0xD2C15500,3,6,0xF4143D7C,0xD2B64E70
2026-09-30T00:23:51.1515211-04:00,54676,heartbeat,45972,0xF41439A0,3,6,0xD2C14500,3,6,0xD2C15500,3,6,0xF4143D7C,0xD2B64E70
2026-09-30T00:23:52.1820646-04:00,55708,heartbeat,45972,0xF41439A0,3,6,0xD2C14500,3,6,0xD2C15500,3,6,0xF4143D7C,0xD2B64E70
2026-09-30T00:23:53.1923656-04:00,56717,heartbeat,45972,0xF41439A0,3,6,0xD2C14500,3,6,0xD2C15500,3,6,0xF4143D7C,0xD2B64E70
2026-09-30T00:23:54.2220279-04:00,57747,heartbeat,45972,0xF41439A0,3,6,0xD2C14500,3,6,0xD2C15500,3,6,0xF4143D7C,0xD2B64E70
2026-09-30T00:23:55.2265042-04:00,58751,heartbeat,45972,0xF41439A0,3,6,0xD2C14500,3,6,0xD2C15500,3,6,0xF4143D7C,0xD2B64E70
2026-09-30T00:23:56.2281344-04:00,59753,heartbeat,45972,0xF41439A0,3,6,0xD2C14500,3,6,0xD2C15500,3,6,0xF4143D7C,0xD2B64E70
2026-09-30T00:23:57.2516665-04:00,60776,heartbeat,45972,0xF41439A0,3,6,0xD2C14500,3,6,0xD2C15500,3,6,0xF4143D7C,0xD2B64E70
2026-09-30T00:23:58.2810514-04:00,61806,heartbeat,45972,0xF41439A0,3,6,0xD2C14500,3,6,0xD2C15500,3,6,0xF4143D7C,0xD2B64E70
2026-09-30T00:23:59.3002145-04:00,62826,heartbeat,45972,0xF41439A0,3,6,0xD2C14500,3,6,0xD2C15500,3,6,0xF4143D7C,0xD2B64E70
2026-09-30T00:24:00.3021719-04:00,63827,heartbeat,45972,0xF41439A0,3,6,0xD2C14500,3,6,0xD2C15500,3,6,0xF4143D7C,0xD2B64E70
2026-09-30T00:24:01.3039771-04:00,64829,heartbeat,45972,0xF41439A0,3,6,0xD2C14500,3,6,0xD2C15500,3,6,0xF4143D7C,0xD2B64E70
2026-09-30T00:24:02.3301761-04:00,65856,heartbeat,45972,0xF41439A0,3,6,0xD2C14500,3,6,0xD2C15500,3,6,0xF4143D7C,0xD2B64E70
2026-09-30T00:24:03.3558813-04:00,66880,heartbeat,45972,0xF41439A0,3,6,0xD2C14500,3,6,0xD2C15500,3,6,0xF4143D7C,0xD2B64E70
2026-09-30T00:24:04.3559400-04:00,67880,heartbeat,45972,0xF41439A0,3,6,0xD2C14500,3,6,0xD2C15500,3,6,0xF4143D7C,0xD2B64E70
2026-09-30T00:24:05.3821276-04:00,68907,heartbeat,45972,0xF41439A0,3,6,0xD2C14500,3,6,0xD2C15500,3,6,0xF4143D7C,0xD2B64E70
2026-09-30T00:24:06.4096908-04:00,69934,heartbeat,45972,0xF41439A0,3,6,0xD2C14500,3,6,0xD2C15500,3,6,0xF4143D7C,0xD2B64E70
2026-09-30T00:24:07.4362603-04:00,70961,heartbeat,45972,0xF41439A0,3,6,0xD2C14500,3,6,0xD2C15500,3,6,0xF4143D7C,0xD2B64E70
2026-09-30T00:24:08.4363363-04:00,71961,heartbeat,45972,0xF41439A0,3,6,0xD2C14500,3,6,0xD2C15500,3,6,0xF4143D7C,0xD2B64E70
2026-09-30T00:24:09.4464462-04:00,72971,heartbeat,45972,0xF41439A0,3,6,0xD2C14500,3,6,0xD2C15500,3,6,0xF4143D7C,0xD2B64E70
2026-09-30T00:24:10.4481070-04:00,73973,heartbeat,45972,0xF41439A0,3,6,0xD2C14500,3,6,0xD2C15500,3,6,0xF4143D7C,0xD2B64E70
2026-09-30T00:24:11.4762502-04:00,75001,heartbeat,45972,0xF41439A0,3,6,0xD2C14500,3,6,0xD2C15500,3,6,0xF4143D7C,0xD2B64E70
2026-09-30T00:24:12.5035576-04:00,76028,heartbeat,45972,0xF41439A0,3,6,0xD2C14500,3,6,0xD2C15500,3,6,0xF4143D7C,0xD2B64E70
2026-09-30T00:24:13.5063684-04:00,77032,heartbeat,45972,0xF41439A0,3,6,0xD2C14500,3,6,0xD2C15500,3,6,0xF4143D7C,0xD2B64E70
2026-09-30T00:24:14.5389462-04:00,78063,heartbeat,45972,0xF41439A0,3,6,0xD2C14500,3,6,0xD2C15500,3,6,0xF4143D7C,0xD2B64E70
2026-09-30T00:24:15.5462046-04:00,79072,heartbeat,45972,0xF41439A0,3,6,0xD2C14500,3,6,0xD2C15500,3,6,0xF4143D7C,0xD2B64E70
2026-09-30T00:24:16.5601543-04:00,80084,heartbeat,45972,0xF41439A0,3,6,0xD2C14500,3,6,0xD2C15500,3,6,0xF4143D7C,0xD2B64E70
2026-09-30T00:24:17.5860711-04:00,81111,heartbeat,45972,0xF41439A0,3,6,0xD2C14500,3,6,0xD2C15500,3,6,0xF4143D7C,0xD2B64E70
2026-09-30T00:24:18.6139603-04:00,82138,heartbeat,45972,0xF41439A0,3,6,0xD2C14500,3,6,0xD2C15500,3,6,0xF4143D7C,0xD2B64E70
2026-09-30T00:24:19.6403151-04:00,83165,heartbeat,45972,0xF41439A0,3,6,0xD2C14500,3,6,0xD2C15500,3,6,0xF4143D7C,0xD2B64E70
2026-09-30T00:24:20.6518170-04:00,84176,heartbeat,45972,0xF41439A0,3,6,0xD2C14500,3,6,0xD2C15500,3,6,0xF4143D7C,0xD2B64E70
2026-09-30T00:24:21.6787431-04:00,85203,heartbeat,45972,0xF41439A0,3,6,0xD2C14500,3,6,0xD2C15500,3,6,0xF4143D7C,0xD2B64E70
2026-09-30T00:24:22.7069595-04:00,86231,heartbeat,45972,0xF41439A0,3,6,0xD2C14500,3,6,0xD2C15500,3,6,0xF4143D7C,0xD2B64E70
2026-09-30T00:24:23.7198596-04:00,87244,heartbeat,45972,0xF41439A0,3,6,0xD2C14500,3,6,0xD2C15500,3,6,0xF4143D7C,0xD2B64E70
2026-09-30T00:24:24.7196641-04:00,88245,heartbeat,45972,0xF41439A0,3,6,0xD2C14500,3,6,0xD2C15500,3,6,0xF4143D7C,0xD2B64E70
2026-09-30T00:24:25.7329637-04:00,89257,heartbeat,45972,0xF41439A0,3,6,0xD2C14500,3,6,0xD2C15500,3,6,0xF4143D7C,0xD2B64E70
2026-09-30T00:24:26.7611978-04:00,90285,heartbeat,45972,0xF41439A0,3,6,0xD2C14500,3,6,0xD2C15500,3,6,0xF4143D7C,0xD2B64E70
2026-09-30T00:24:27.7947084-04:00,91319,heartbeat,45972,0xF41439A0,3,6,0xD2C14500,3,6,0xD2C15500,3,6,0xF4143D7C,0xD2B64E70
2026-09-30T00:24:28.8237780-04:00,92348,heartbeat,45972,0xF41439A0,3,6,0xD2C14500,3,6,0xD2C15500,3,6,0xF4143D7C,0xD2B64E70
