Script ID,Hash,Name,First Seen,Size,DOM class
14988244571971585229,857D45B9,_AiDebuggerClassMethods,Beta,79 B,94035010011 = _AiDebugger
14988256013797863880,2B7E4202,_BaseClientClassMethods,Beta,16.70 KB,92829000023 = _BaseClient
14988107204759056502,F3DA0A06,_CharacterSystemClassMethods,Beta,1.51 KB,92829000024 = _CharacterSystem
14988231331220954489,ECC923C7,_ContextMenus,Beta,20.27 KB,
14988210194681634656,22881553,_DebugClassMethods,Beta,786 B,93545421054 = _Debug
14988156312718311689,C817CBD6,_ExternalFunctions,Beta,79 B,
14988123028351636904,FF7566FB,_FxSystemClassMethods,Beta,3.93 KB,93568780274 = _FxSystem
14988260499516371179,8AD59416,_GUIBaseWindowClassMethods,Beta,32.87 KB,93531460025 = _GUIBaseWindow
14988173560003312245,15019C97,_GUIButtonClassMethods,Beta,18.19 KB,93531460023 = _GUIButton
14988247548173646563,69F7CA63,_GUIClassMethods,Beta,32.72 KB,93531460201 = _GUI
14988161330377108989,1F6B720C,_GUIClickShieldClassMethods,Beta,326 B,93531460058 = _GUIClickShield
14988188905755973727,8C4E486D,_GUICloseButtonClassMethods,Beta,1.57 KB,93531460024 = _GUICloseButton
14988126558701300900,47ACF97F,_GUIDropDownBoxClassMethods,Beta,46.32 KB,93615190067 = _GUIDropDownBox
14988254467795869063,F47C29E9,_GUIDropDownItemClassMethods,Beta,18.53 KB,93615190058 = _GUIDropDownItem
14988139858667487220,5C094A32,_GUIDropDownListClassMethods,Beta,1.97 KB,93615190066 = _GUIDropDownList
14988208308503977624,2F4EFBB1,_GUIFieldChangeNotifications,Beta,560 B,
14988031739545089500,7DE89B23,_GUIGroupBoxClassMethods,Beta,3.42 KB,94181690024 = _GUIGroupBox
14988049358466266019,6461D1A4,_GUILayerClassMethods,Beta,10.41 KB,93531460040 = _GUILayer
14988257762736421899,CB23D8BE,_GUIListBuilderClassMethods,Beta,12.77 KB,93631480437 = _GUIListBuilder
14988100037928217891,36E3874A,_GUIMethodCallbacksClassMethods,Beta,61.76 KB,93625440065 = _GUIMethodCallbacks
14988045424756490327,0B96C97C,_GUIModalDialogClassMethods,Beta,1.65 KB,93531460050 = _GUIModalDialog
14988143583331310331,292BA00D,_GUIModalLayerClassMethods,Beta,1.84 KB,93531460049 = _GUIModalLayer
14988213768826260285,6015B004,_GUIPopupLayerClassMethods,Beta,639 B,93531460053 = _GUIPopupLayer
14988035360030707066,35128500,_GUIPopupMenuClassMethods,Beta,22.54 KB,93531460114 = _GUIPopupMenu
14988057448328073387,1712D7F7,_GUIPopupMenuItemClassMethods,Beta,21.68 KB,93531460113 = _GUIPopupMenuItem
14988078067543241673,7D49FAF0,_GUIPopupSubMenuClassMethods,Beta,8.34 KB,93531460115 = _GUIPopupSubMenu
14987987908997829769,17FEF8C7,_GUIScrollbarClassMethods,Beta,8.45 KB,94265900024 = _GUIScrollbar
14988175713259640414,757D73A0,_GUISelectBoxClassMethods,Beta,17.82 KB,93631480435 = _GUISelectBox
14988243225530997663,69354217,_GUISelectBoxItemClassMethods,Beta,24.60 KB,93631480436 = _GUISelectBoxItem
14987987115016410200,D4825222,_GUISliderTracksClassMethods,Beta,16.48 KB,93829170066 = _GUISliderTracks
14988062056335934699,9848AAEB,_iconMakerClassMethods,Beta,26.73 KB,93729620027 = _iconMaker
14988145775443495270,7A5867AC,_InputHandlerClassMethods,Beta,9.43 KB,93483385956 = _InputHandler
14988177551945234662,84A3017D,_ServerRequestsClassMethods,Beta,3.87 KB,93531460229 = _ServerRequests
14988187039006046434,5BE8B881,_sliderPanelClassMethods,Beta,614 B,93859100159 = _sliderPanel
14988227312890952873,73F0D8B0,_snapshotMakerClassMethods,Beta,14.53 KB,93729620093 = _snapshotMaker
14988055301096474583,CB31023A,_tst_chrAnimProps,Beta,79 B,
14988084183061355585,1081ACA6,ablAbilityClassMethods,Beta,22.92 KB,4611686018469590226 = ablAbility
14988005448093824202,E4FBCC6B,ablContainerClassMethods,Beta,1.99 KB,4611686031190870001 = ablContainer
14988147114827152392,75581C2A,ablContainerComponentClassMethods,Beta,13.25 KB,4611686093765369991 = ablContainerComponent
14988162878099692670,CE9C2312,ablCustomComponentClassMethods,Beta,7.13 KB,4611686019706195778 = ablCustomComponent
14988050212313652119,10C6C769,ablEffectsComponentClassMethods,Beta,17.80 KB,4611686019052426993 = ablEffectsComponent
14988213369088071164,23D67A47,ablEvents,Beta,79 B,
14988239445391362840,54058C0E,ablOracleClassMethods,Beta,24.25 KB,4611686018469620091 = ablOracle
14988214627828223375,B6457F04,ablTrainerComponentClassMethods,Beta,5.83 KB,4611686034651570000 = ablTrainerComponent
14988259563500694932,75FED9FF,ablTrainerOracleClassMethods,Beta,42.85 KB,4611686034651570008 = ablTrainerOracle
14988077290638165184,3870167E,ablUserComponentClassMethods,Beta,119.50 KB,9223372036862100082 = ablUserComponent
14988171213952216337,26D51818,ad,Beta – 1.3.8,79 B,
14988084161324907646,787550F5,ado,Beta – 7.6.1d,79 B,
14988121544720715141,6A7BF6B0,aga,Beta – 7.6.1d,79 B,
14988181263989944126,FA01FE83,ahAuctionSearchListClassMethods,Beta,18.39 KB,4611686057021031227 = ahAuctionSearchList
14988170571775722498,BA6FBEAE,ahDepositTable,Beta,1.84 KB,
14987984177467107202,5AE2F7B5,ahItemCategoriesClassMethods,1,3.56 KB,4611686281018600000 = ahItemCategories
14988043331822894939,E7404A91,ahTerminalComponentClassMethods,Beta,5.24 KB,4611686056430831193 = ahTerminalComponent
14988014897278343505,BCE758DC,ahTweakableTable,Beta,1.39 KB,
14988146840516591571,39055F7C,ahUserComponentClassMethods,Beta,27.11 KB,4611686056430831306 = ahUserComponent
14988172960247808110,DFC45FF0,aiCharacterAgentComponentClassMethods,Beta,3.43 KB,4611686018435240011 = aiCharacterAgentComponent
14988259706895302167,334B2F69,aiHydraOwnerComponentClassMethods,Beta,1.96 KB,4611686036848170482 = aiHydraOwnerComponent
14988087459862457195,AB6F9110,ajb,1.2 – 7.6.1d,79 B,
14988084161327566924,B86FA587,ajo,Beta – 1.3.8,79 B,
14988072454939551857,0CC1DBEF,ajo2,Beta – 1.3.8,79 B,
14988106151560132168,9C6F7973,ajs,Beta – 1.2.7b,79 B,
14988127041002736779,E0E2CC66,aniMetricsAccumulatorClassMethods,Beta,7.76 KB,4611686056523431214 = aniMetricsAccumulator
14988236704017659245,6C4E15E5,aniOracleClassMethods,Beta,84.74 KB,4611686044354670004 = aniOracle
14988043024160304797,6AC98854,appAppearanceSlotClassMethods,Beta,6.37 KB,4611686031694070053 = appAppearanceSlot
14988249192854949800,EDA81A53,appAppearanceUserClassMethods,Beta,26.72 KB,4611686040393370080 = appAppearanceUser
14988247055205048544,4AE0940B,appItemAppearanceClassMethods,Beta,4.04 KB,4611686022221010000 = appItemAppearance
14988078247132898293,74C2E0E3,appModelDataClassMethods,Beta,19.82 KB,4611686031657870009 = appModelData
14988163775414621081,3E70B6E7,appModelIndexTemplateClassMethods,Beta – 2.2.0,14.92 KB,4611686031694070000 = appModelIndexTemplate
14988238166429761707,9D0F9B9B,appNpcAppearanceClassMethods,Beta,15.55 KB,4611686025952330041 = appNpcAppearance
14988176895373218096,B43B97D0,appOracleClassMethods,Beta,68.92 KB,4611686022204890004 = appOracle
14988023479770303396,BB6F13C1,appPaletteClassMethods,Beta,1.28 KB,4611686032762770012 = appPalette
14988187260934046842,441CBD74,appPlayerCustomizationSetClassMethods,Beta,18.41 KB,4611686033846670002 = appPlayerCustomizationSet
14988239799620929742,BD5C312B,arbArbiterClassMethods,Beta,25.82 KB,4611686050299071020 = arbArbiter
14988160893622719440,2B9123C5,Automaton,Beta,220.14 KB,
14988249088316482283,AB6E134A,bab,Beta – 7.6.1d,79 B,
14988237754413376487,8BB0757D,baseAttributeComponentClassMethods,Beta,1.70 KB,4611686029152870020 = baseAttributeComponent
14988251287338857197,CD888C4D,bjb,Beta – 7.6.1d,79 B,
14988015356377214548,CF1F2937,bnkComponentClassMethods,Beta,3.72 KB,4611686048526771022 = bnkComponent
14988147643857573600,A7556B37,bnkContainerClassMethods,Beta,3.78 KB,4611686047778370048 = bnkContainer
14988166336276815801,6A167216,brkOracleClassMethods,Beta,1.82 KB,4611686044100470003 = brkOracle
14988252285040333498,92F907AE,brkOwnerComponentClassMethods,Beta,4.56 KB,4611686019631751166 = brkOwnerComponent
14988214094906268241,2DDD71E2,bs,Beta,79 B,
14988221600523274623,E299F67D,bsm,Beta – 7.6.1d,79 B,
14988184375684391304,0C7D5A4E,bwaConstNodeClassMethods,Beta,2.86 KB,4611686030434370053 = bwaConstNode
14988198510777315996,DDAB37BF,bxb,Beta – 7.6.1d,79 B,
14988021118954977495,CC68F66C,CameraNodeClassMethods,Beta,453 B,3775000023 = CameraNode
14988178719490479745,464E6E6E,cas,Beta – 7.6.1d,79 B,
14988249144710948250,E6A1A388,cbtArmorComponentClassMethods,Beta,7.21 KB,4611686018469730049 = cbtArmorComponent
14987990246283648163,376C5C6C,cbtAttackerComponentClassMethods,Beta,4.01 KB,4611686018468319621 = cbtAttackerComponent
14988126018354066205,21226F03,cbtAttitudeComponentClassMethods,1,4.28 KB,4611686250740650000 = cbtAttitudeComponent
14988051042235803691,B11C83A3,cbtCombatProfilerClassMethods,Beta,12.19 KB,9223372077100370000 = cbtCombatProfiler
14987980270095166017,B05BC7B7,cbtCover,Beta,50.77 KB,
14988136976871236206,EE7A22C4,cbtDefenderComponentClassMethods,Beta,2.09 KB,4611686018468319686 = cbtDefenderComponent
14987997911684531401,7E32DED9,cbtEnemiesComponentClassMethods,Beta,1.83 KB,9223372036864833110 = cbtEnemiesComponent
14987990105807752432,D7F29059,cbtFactionComponentClassMethods,Beta,17.76 KB,4611686034206270024 = cbtFactionComponent
14988057763000863373,66969CDD,cbtLosTester,Beta,79 B,
14988002820511568351,20BF0F2A,cbtMath,Beta,16.85 KB,
14988130185868977872,E2F2D00D,cbtMusicClassMethods,Beta,7.76 KB,4611686048438270046 = cbtMusic
14988141774228351472,8A5EE550,cbtOracleClassMethods,Beta,124.51 KB,4611686018468351610 = cbtOracle
14988221813607059606,D06B2765,cbtOracleCoverVisBuildClassMethods,Beta,4.74 KB,4611686026175330002 = cbtOracleCoverVisBuild
14987984699530148019,16CDFBF8,cbtRewardComponentClassMethods,Beta,1.04 KB,4611686021108314370 = cbtRewardComponent
14988032984170509846,5D868A66,cbtRing,Beta,30.80 KB,
14988106430185457515,64FE4DB5,cbtRingClient,Beta,5.64 KB,
14988160274619983337,3B585AF0,cbtWeapon,Beta,3.33 KB,
14988137133202550103,A1285255,cbtWeaponComponentClassMethods,Beta,25.76 KB,4611686018469730048 = cbtWeaponComponent
14988257131613925315,63BD513B,cdxCategoryTotalsClassMethods,Beta,5.32 KB,4611686053680031212 = cdxCategoryTotals
14988057842673480828,0557788A,cdxCodexComponentClassMethods,Beta,33.33 KB,4611686053415631367 = cdxCodexComponent
14988166421606811321,0B42B8D0,cdxTypeClassMethods,Beta,2.08 KB,4611686053415631340 = cdxType
14988229146989662593,4315DC77,chrAdvancementComponentClassMethods,Beta,14.74 KB,4611686039107870027 = chrAdvancementComponent
14988036883148967450,B5D304A6,chrAnimActionsClassMethods,Beta,598 B,4611686035566870007 = chrAnimActions
14988218315743018005,A901C8B3,chrAnimClassMethods,Beta,7.35 KB,4611686034604770113 = chrAnim
14988108948926350199,B631415B,chrAppearanceCustomization,1.2,6.05 KB,
14988124107063938699,4A9FF50A,chrAssetRequestManagerClassMethods,Beta,1.44 KB,4611686022465650094 = chrAssetRequestManager
14988002491731594039,F25455F9,chrAttributeComponentClassMethods,Beta,16.24 KB,4611686018433070011 = chrAttributeComponent
14988047081861693992,7051CD21,chrBallisticSimulatorClassMethods,Beta,30.15 KB,4611686028739383686 = chrBallisticSimulator
14988251745630664747,E8F7A601,chrBehaveClassMethods,Beta,45.52 KB,4611686022543170028 = chrBehave
14988173007753553512,5A32EED4,chrBehaveMetricsAccumulatorClassMethods,Beta,2.18 KB,4611686040988570034 = chrBehaveMetricsAccumulator
14988119136769865444,5E8F87F8,chrBehaviorClassMethods,Beta,51.80 KB,4611686022465650003 = chrBehavior
14988155404717490419,4CEDD15A,chrBehaviorCombat,Beta,5.42 KB,
14988126897960513056,9178936F,chrBehaviorCoverClassMethods,Beta,48.89 KB,4611686026410550003 = chrBehaviorCover
14988174817045616610,C3B24921,chrBehaviorDelegate,Beta,1.62 KB,
14988142835199498064,8FC37CFB,chrBehaviorDelegateClassMethods,Beta,2.76 KB,4611686035197170094 = chrBehaviorDelegate
14988200353775450390,C80DB547,chrBehaviorGhostClassMethods,Beta,2.16 KB,4611686035382070005 = chrBehaviorGhost
14988073847535651142,006F2E74,chrBehaviorJumpManClassMethods,Beta,25.83 KB,4611686035127270000 = chrBehaviorJumpMan
14987998225829966387,9281EBA6,chrBehaviorLocalPlayerClassMethods,Beta,22.33 KB,4611686035197170100 = chrBehaviorLocalPlayer
14988245667836522967,5590647F,chrBehaviorPlayer,Beta,3.16 KB,
14988069678811930243,EED733D5,chrBehaviorPlayerClassMethods,Beta,1.47 KB,4611686035289070002 = chrBehaviorPlayer
14988059804758996468,3313B1BE,chrBehaviorRecorderClassMethods,Beta,6.73 KB,4611686023950190010 = chrBehaviorRecorder
14988053630866333722,6B15C7B4,chrBehaviorRemoteAiClassMethods,Beta,26.10 KB,4611686035197170114 = chrBehaviorRemoteAi
14988131248392981487,23635553,chrBehaviorRemotePlayerClassMethods,Beta,38.37 KB,4611686035197170104 = chrBehaviorRemotePlayer
14988241498188380564,3200D9E6,chrBehaviorStateMachineClassMethods,Beta,1.55 KB,4611686030840770024 = chrBehaviorStateMachine
14988216195424505344,865EB5A9,chrBehaviorWaypoint,Beta,910 B,
14988205775751023651,195FDB9F,chrBugTrackerComponentClassMethods,Beta,29.34 KB,9223372077276270000 = chrBugTrackerComponent
14988232461720378822,05F65B61,chrCharacterClassMethods,Beta,61.64 KB,4611686023460934385 = chrCharacter
14988118965413869321,8614BFEC,chrCharacterInterfaceClassMethods,Beta,376 B,4611686034604770080 = chrCharacterInterface
14988232720852507470,B081D7C1,chrClassComponentClassMethods,Beta,9.26 KB,4611686019907803020 = chrClassComponent
14988164105742035238,26810FB4,chrClientCharacterClassMethods,Beta,1.42 KB,4611686133737785041 = chrClientCharacter
14988092887669103668,F42BB21F,chrCompanionComponentClassMethods,Beta,19.78 KB,4611686018435310021 = chrCompanionComponent
14987982610792368032,5.77E+05,chrCompanionMasterComponentClassMethods,Beta,56.94 KB,4611686018435310023 = chrCompanionMasterComponent
14988246189892768260,1B3D89A0,chrComponents,Beta,1018 B,
14988001913972147067,28CAAF64,chrCurrencyComponentClassMethods,Beta,9.59 KB,4611686226320940000 = chrCurrencyComponent
14988057478672658449,CCE9F7F5,chrCustomizationDatatableClassMethods,Beta,2.75 KB,4611686028439990439 = chrCustomizationDatatable
14988101577225986413,EB7B87CD,chrEvents,Beta,79 B,
14988049340986867070,263C8532,chrExplorationComponentClassMethods,Beta,11.38 KB,4611686020039490760 = chrExplorationComponent
14988152614276004955,D6E38DB5,chrForceAlignmentComponentClassMethods,Beta,16.90 KB,4611686039392670010 = chrForceAlignmentComponent
14988044988439829247,7524BDBF,chrForceAlignmentTiersClassMethods,Beta,2.11 KB,4611686039407770012 = chrForceAlignmentTiers
14988137249406313410,0C36953A,chrGroundingDebugClassMethods,Beta,3.50 KB,4611686055272531191 = chrGroundingDebug
14988164562519918436,08752A23,chrLevelComponentClassMethods,Beta,15.31 KB,4611686018437750512 = chrLevelComponent
14988117072478984477,1132FFFC,chrLineOfSight,Beta,12.89 KB,
14988054251622993076,7697C7FB,chrLocoAiClassMethods,Beta,26.28 KB,4611686051481371048 = chrLocoAi
14988146452206453908,D9C0DA8C,chrLookatClassMethods,Beta,1.05 KB,4611686053046031191 = chrLookat
14988255027010934703,E8C69EE2,chrLooterComponentClassMethods,Beta,10.27 KB,4611686023225426206 = chrLooterComponent
14988236300911125681,A50BD180,chrMotionClassMethods,Beta,1.68 KB,4611686034604770066 = chrMotion
14988004836911370721,756B182A,chrMountComponentClassMethods,Beta – 5.10.3,15.99 KB,4611686090069269991 = chrMountComponent
14988159791399832652,39CE71BC,chrMoveAutoTestClassMethods,Beta,79 B,4611686051651471032 = chrMoveAutoTest
14988218968260248917,88028ECA,chrMoveDebugClassMethods,Beta,10.52 KB,4611686050968872177 = chrMoveDebug
14988110172442017861,CC41A80B,chrNonPlayerCharacterClassMethods,Beta,30.86 KB,4611686018435310013 = chrNonPlayerCharacter
14988013644443604385,64FE6BE2,chrNPCStealthSuspicionComponentClassMethods,Beta,2.89 KB,4611686074863207192 = chrNPCStealthSuspicionComponent
14988055391397265151,7FEE9138,chrOracleClassMethods,Beta,67.44 KB,4611686018437327427 = chrOracle
14988118619588570654,DE90F696,chrPcMoveTestClassMethods,Beta,79 B,4611686035170370051 = chrPcMoveTest
14988132351902799474,145F8C16,chrPetComponentClassMethods,Beta,1.93 KB,4611686030770587359 = chrPetComponent
14988059572706233082,79C775A8,chrPetMasterComponentClassMethods,Beta,3.14 KB,4611686030770587498 = chrPetMasterComponent
14988007711202018123,F81AB49A,chrPlayerCharacterClassMethods,Beta,126.16 KB,4611686018433070017 = chrPlayerCharacter
14988027497925406606,E09D990D,chrPlayerMoveState,Beta,7.33 KB,
14988241619481220167,952AEFFE,chrPreloadAnimTriggerClassMethods,Beta,597 B,4611686069420131193 = chrPreloadAnimTrigger
14988135781332830902,AC2AAA64,chrProfessionsComponentClassMethods,Beta,49.76 KB,4611686043654570028 = chrProfessionsComponent
14988150922912473927,689618BD,chrRegionComponentClassMethods,Beta,1.58 KB,4611686093949069993 = chrRegionComponent
14988174556807064052,5AFF39CE,chrSelectedTargetClassMethods,Beta,18.64 KB,4611686018434080005 = chrSelectedTarget
14988183574971788602,19145185,chrShipCompanionComponentClassMethods,Beta,2.32 KB,4611686051026771054 = chrShipCompanionComponent
14987981649118901702,31925B78,chrSocialScoreComponentClassMethods,Beta – 7.1.1b,5.08 KB,4611686050587171098 = chrSocialScoreComponent
14988198482799276056,606DBC6E,chrSpatialTriggerClassMethods,Beta,205 B,4611686019802850029 = chrSpatialTrigger
14988125914274323809,9B9031E2,chrStaminaComponentClassMethods,Beta,2.39 KB,4611686048042270021 = chrStaminaComponent
14988050961431879266,78474739,chrStandDebugClassMethods,Beta,12.97 KB,4611686050842271033 = chrStandDebug
14988011558325720003,3B391D38,chrStealthComponentClassMethods,Beta,792 B,4611686074863207191 = chrStealthComponent
14988119192435912923,4112CF1A,chrSummaryClassMethods,Beta,9.22 KB,9223372073786570001 = chrSummary
14988236746965440225,C35EF7F1,chrTargetAdjuster,Beta,6.60 KB,
14988236431793630357,3BBDE973,chrValorComponentClassMethods,Beta,1.14 KB,4611686058911231210 = chrValorComponent
14988070985982711855,08EBB83C,ciCollideInfoDebuggerClassMethods,1.1,79 B,4611686252519340001 = ciCollideInfoDebugger
14988089659046525252,755B845E,cjb,Beta – 1.3.8,79 B,
14988099554651170835,6E5B7959,cjk,Beta – 7.6.1d,79 B,
14988108350744174187,865B9F21,cjs,Beta – 2.8.2,79 B,
14988219064022873200,1EAA67EB,ClientCharacterNodeClassMethods,Beta,277 B,4611686073607581991 = ClientCharacterNode
14988181275708175561,D7CFD2B2,ClientOptionsControls,Beta – 1.2.7b,5.41 KB,
14988180799445786431,B8F3C4DB,cmdEmoteClassMethods,Beta,3.80 KB,4611686040393370117 = cmdEmote
14988246133717590383,6E32BD56,cnvAmbientOracleClassMethods,Beta,3.30 KB,4611686030912070002 = cnvAmbientOracle
14988070799945666603,9113F96E,cnvChoreographerCameraClassMethods,Beta,59.09 KB,4611686085654061591 = cnvChoreographerCamera
14988089234506140543,4FE98F65,cnvChoreographerClassMethods,Beta,72.42 KB,4611686085430854794 = cnvChoreographer
14988253063400586388,97AFF697,cnvChoreographerLightweightClassMethods,Beta,31.83 KB,4611686090347669992 = cnvChoreographerLightweight
14988027185168483863,E880E1BC,cnvControllerAmbientClassMethods,Beta,14.24 KB,4611686092038169991 = cnvControllerAmbient
14988076250968012001,EAA03657,cnvControllerInterfaceClassMethods,Beta,4.86 KB,4611686085430854791 = cnvControllerInterface
14988130511451692351,61FFA0D5,cnvControllerMultiClassMethods,Beta,36.28 KB,4611686092216069991 = cnvControllerMulti
14988094363134703476,3C4712DC,cnvControllerPreviewClassMethods,Beta,14.24 KB,4611686097465669991 = cnvControllerPreview
14988052517490532956,4009F1C0,cnvControllerSingleClassMethods,Beta,21.39 KB,4611686084616002992 = cnvControllerSingle
14988088603184529846,5DB118B3,cnvEvents,Beta,79 B,
14988164616875906155,2B714E42,cnvFxeLoaderClassMethods,1,9.19 KB,4611686245349170000 = cnvFxeLoader
14988211127375339264,EB6D487B,cnvInstanceClassMethods,Beta,53.33 KB,4611686084616002994 = cnvInstance
14988034453915655610,246E3205,cnvJoinOrganizerClassMethods,Beta,48.67 KB,4611686083182756198 = cnvJoinOrganizer
14988225544195143465,752E182A,cnvOracleClassMethods,Beta,56.87 KB,4611686019030884741 = cnvOracle
14988042477242067960,DE0D2792,cnvOwnerComponentClassMethods,Beta,25.87 KB,4611686019047840437 = cnvOwnerComponent
14988096274185251447,CE01E9BA,cnvParserUtils,Beta,11.57 KB,
14988010812859459352,86683348,cnvParticipantComponentClassMethods,Beta,18.45 KB,4611686019044720539 = cnvParticipantComponent
14987984357525788259,8E3F2069,cnvTree_PrototypeClassMethods,Beta,70.98 KB,4611686050054472574 = cnvTree_Prototype
14988238026573676754,212B71E9,cnvTreeAnimVisitorClassMethods,Beta,11.05 KB,4611686068254431192 = cnvTreeAnimVisitor
14988073979290372957,318B1C8E,conContainableComponentClassMethods,Beta,7.36 KB,4611686018444231397 = conContainableComponent
14988123715182424968,261ED8E8,conContainerDataClassMethods,Beta,6.76 KB,4611686018446380378 = conContainerData
14988002917625581247,433ACEBE,conEquipmentComponentClassMethods,Beta,19.63 KB,4611686018446530049 = conEquipmentComponent
14988187877643360879,5AD4319E,conEvents,Beta,79 B,
14988063793037840760,A59B664E,conInventoryComponentClassMethods,Beta,10.34 KB,4611686018445922176 = conInventoryComponent
14988003136800399171,4A80073C,conLootHopperComponentClassMethods,Beta,24.72 KB,4611686021169765940 = conLootHopperComponent
14988086771892873924,3188211B,conOracleClassMethods,Beta,72.98 KB,4611686018445921010 = conOracle
14988227392794686183,C4CD55EE,conSlotLockClassMethods,Beta,2.96 KB,4611686051707971035 = conSlotLock
14988028742290340590,B774041E,conSlottedClassMethods,Beta,34.40 KB,4611686030018770013 = conSlotted
14988096528239460649,BC8C4407,conSlottedSharedClassMethods,Beta,8.95 KB,4611686036620170002 = conSlottedShared
14988146640172222053,EAF58488,cosTemplateClassMethods,Beta,1.77 KB,4611686133738205041 = cosTemplate
14988192672049826265,28F93189,csrCommands,Beta,3.58 KB,
14988023550419416010,8431579D,csrCSPortalClassMethods,Beta,53.40 KB,4611686142556780000 = csrCSPortal
14988164143134854224,8DC33E43,csrOracleClassMethods,1.0.0c,2.92 KB,4611686089830069991 = csrOracle
14988081753091451544,E316B34F,csrPlayerCharacterClassMethods,Beta,355 B,4611686142641680000 = csrPlayerCharacter
14988218894491435409,842872BD,ctlInputCamera,Beta,64.02 KB,
14988101554790111536,7E518E41,ctlInputCharacterSelection,Beta,1.68 KB,
14988212865450638064,CDA332B9,ctlInputConvo,Beta,4.58 KB,
14988073442097913627,660E18E4,ctlInputCreditsScreen,1,819 B,
14987986235794675255,0C479714,ctlInputGalaxyMap,Beta,7.34 KB,
14988246424814922246,1B549D04,ctlInputGame,Beta,17.49 KB,
14988124929763221915,1539689E,ctlInputLoadingScreen,1.1,791 B,
14988130113379627010,B65B3D35,ctlInputMouse,Beta,2.60 KB,
14987980742125415471,A481FD5F,ctlInputMovement,Beta,32.69 KB,
14988140403627346238,EC9835AF,ctlInputTargetting,Beta,23.46 KB,
14988210058027845311,812B9F98,ctlInputUI,Beta,7.04 KB,
14988105792803398975,51AE397A,ctlInputUtility,Beta,5.55 KB,
14988059268202557292,187A9A2B,ctlInputUtils,Beta,1.78 KB,
14988107366695168457,B3454B52,ctlInputVehicle,Beta,6.35 KB,
14988249166747829037,45B36636,ctlOracleClassMethods,Beta,16.97 KB,4611686018483970115 = ctlOracle
14988128398517705106,182F5C22,ctlProfileCmds,Beta,79 B,
14988139831964770668,ECED6598,cvrBuilderBounds,Beta,1.24 KB,
14988190540010972464,E3E7DBEF,cvrBuilderClassMethods,Beta,55.17 KB,4611686025771210009 = cvrBuilder
14988139750588892467,53BD4F33,cvrBuilderIgnore,Beta,11.74 KB,
14988055156411874922,6141DC62,cvrBuilderInstance,Beta,18.17 KB,
14988234135559112332,30A40AAF,cvrBuilderInstanceWrapperClassMethods,Beta,1.65 KB,4611686050077771084 = cvrBuilderInstanceWrapper
14988151704324153396,5A74F821,cvrBuilderPoint,Beta,2.33 KB,
14988034018221020191,8C653B43,cvrDebuggerClassMethods,Beta,19.60 KB,4611686026525870001 = cvrDebugger
14987988060083836590,9A26D008,cvrOracle,Beta,7.46 KB,
14988225743059622578,7E609ED6,cvrOracleClassMethods,Beta,34.15 KB,4611686025245195268 = cvrOracle
14988098017578956236,BF6683F5,cvrSettingsClassMethods,Beta,1.69 KB,4611686026255090011 = cvrSettings
14988171193048527042,8E73B438,cvrVisualizerClassMethods,Beta,25.49 KB,4611686025952330054 = cvrVisualizer
14988256784403995035,1B05BB53,daw,Beta – 7.6.1d,79 B,
14988171022496848999,0D0366B2,dbe,Beta – 1.3.8,79 B,
14988190508434623518,04B49BF3,dbgDrawContextClassMethods,Beta,3.46 KB,4611686022932431071 = dbgDrawContext
14988030046283418516,29320492,dbgDrawOracleClassMethods,Beta,4.71 KB,4611686022932431143 = dbgDrawOracle
14988062971398295823,B4D2FA0F,dbgPrimitiveClassMethods,Beta,19.91 KB,4611686022932430805 = dbgPrimitive
14988182017613123429,17037670,dbs,Beta – 1.2.7b,79 B,
14988221880094156768,7C7329E6,dbs2,Beta,79 B,
14988096736244665405,9A85EE32,dbsTestClassMethods,Beta – 1.2.7b,79 B,4611686050249271020 = dbsTest
14988189698732225589,441CF48C,delete_me_anytime_test_script,Beta,79 B,
14988160027381595713,530F0DD7,deo,Beta – 1.3.8,79 B,
14987998473197452603,D1E0906D,deoFootstep,Beta – 1.3.8,79 B,
14987986304541919753,35172D62,djm,Beta – 7.6.1d,79 B,
14988115138858637397,43CE89FA,dm,Beta,79 B,
14988142626649334474,2CCE65C5,DT,Beta,79 B,
14988244689780210405,0FE9D385,dtb,Beta – 7.6.1d,79 B,
14988239192222069606,0AE9CBA6,dtg,Beta – 7.6.1d,79 B,
14988053042898093230,11A3CAD8,dynAbilityClassMethods,Beta,4.93 KB,4611686039535570001 = dynAbility
14988119686111463708,A3D5F092,dynAttackableClassMethods,Beta – 5.10.3,13.44 KB,4611686039318070000 = dynAttackable
14988058227345001428,792DF1E5,dynAttackableInstanceClassMethods,Beta – 5.10.3,2.17 KB,4611686039264570007 = dynAttackableInstance
14987990498930533306,0166F269,dynEditor,Beta,6.69 KB,
14988025868128854375,0F0B1DB5,dynPlaceableClassMethods,Beta,45.33 KB,4611686038108070000 = dynPlaceable
14988130230769728521,6.22E+226,dynPlaceablePreviewClassMethods,Beta,18.29 KB,4611686086360061596 = dynPlaceablePreview
14988148774214244081,D0272252,dynPreviewControllerClassMethods,Beta,33.04 KB,4611686086360061592 = dynPreviewController
14988218003411541975,CD0586A0,dynPropBucketCBClassMethods,Beta – 5.10.3,2.75 KB,4611686038108070100 = dynPropBucketCB
14988225998020760794,BB235143,eab,Beta – 7.6.1d,79 B,
14988144856746549540,EF9641A9,eabClassMethods,Beta – 7.6.1d,79 B,4611686086542461992 = eab
14988207306323086329,AA233680,eas,Beta – 7.6.1d,79 B,
14988031052548521571,760C0B17,effActionComponentClassMethods,Beta,118.35 KB,4611686019222040607 = effActionComponent
14988008241814916616,73F606C1,effAppearanceActionComponentClassMethods,Beta,94.95 KB,4611686020668180015 = effAppearanceActionComponent
14988242215712549748,36DCB458,effAppearanceClassMethods,Beta,38.58 KB,4611686020073980060 = effAppearance
14988017975053053881,12B4A430,effAppearanceConditionComponentClassMethods,Beta,19.42 KB,4611686020668180013 = effAppearanceConditionComponent
14988096450484544505,E75B1E47,effAppearanceTriggerComponentClassMethods,Beta,8.13 KB,4611686020668180014 = effAppearanceTriggerComponent
14988004865458700427,A7877E0A,effChargesComponentClassMethods,Beta,1.04 KB,4611686039503070006 = effChargesComponent
14988227830751565484,9698AE02,effConditionComponentClassMethods,Beta,67.76 KB,4611686019215770530 = effConditionComponent
14988084115174321241,24B7F670,effContainerComponentClassMethods,Beta,16.83 KB,4611686018467890482 = effContainerComponent
14988228600458307613,2.90E+08,effCustomComponentClassMethods,Beta,3.17 KB,9223372036862140149 = effCustomComponent
14988110951920869098,CF65ED9F,effEffectClassMethods,Beta,24.81 KB,4611686018468630240 = effEffect
14988238658494868511,487BF0DE,effEffectSharedVarComponentClassMethods,Beta,834 B,4611686029292670010 = effEffectSharedVarComponent
14988113095260805531,BD0D7E52,effEventClassMethods,Beta,27.74 KB,4611686020074012677 = effEvent
14988231223547082624,8278E3D8,effEventOracleClassMethods,Beta,29.58 KB,4611686020211170560 = effEventOracle
14988099321857836893,A9B89BAD,effEventTargetDetails,Beta,1.39 KB,
14988146254817489251,6658640,effOracleClassMethods,Beta,49.42 KB,4611686018467890485 = effOracle
14988144683885360615,435DC698,effParserComponentClassMethods,Beta,526 B,4611686019215770534 = effParserComponent
14988246960181489879,61200784,effStackLimitComponentClassMethods,Beta,936 B,4611686038571370000 = effStackLimitComponent
14987985089841743414,5595BBEE,effTargetComponentClassMethods,Beta,5.32 KB,4611686019175340468 = effTargetComponent
14988029542028365679,EAB87C26,effTimerComponentClassMethods,Beta,2.51 KB,4611686018469790168 = effTimerComponent
14988197410719461362,F1307238,efz,Beta – 7.6.1d,79 B,
14988156920300356233,19CC0945,eg,Beta – 1.3.8,79 B,
14988155629275207123,0B399582,ejh,Beta – 7.6.1d,79 B,
14988144825672454232,1ECC1124,el,Beta,79 B,
14988211704368717409,EE3F7809,elw,Beta,79 B,
14988190813645965672,FB50D5A1,esr,Beta – 7.6.1d,79 B,
14988198510227632672,02531F3D,ets,Beta – 7.6.1d,79 B,
14988189392771109525,0DD2B317,ExternalFunctions,Beta,79 B,
14988075223711047998,75AB0AAA,frClinicComponentClassMethods,Beta,372 B,4611686244428860002 = frClinicComponent
14988215003044961424,B8F18159,gaf,Beta – 1.2.7b,79 B,
14988017090951541564,D4EB9D3F,gcz,Beta – 1.2.7b,79 B,
14988256308779437318,B169AB69,gdrCharacterClassMethods,Beta,10.63 KB,4611686240382310006 = gdrCharacter
14988111246171376173,E2923EDD,gldBankComponentClassMethods,1.2,73.59 KB,4611686333585340003 = gldBankComponent
14988017933335858811,BF206CA2,gldBankNodeClassMethods,1.2,8.52 KB,4611686333695650000 = gldBankNode
14988020507880861233,5D7C0B5D,gldBankTabClassMethods,1.2,6.97 KB,4611686333695650003 = gldBankTab
14988032577288295499,BFCCD9FB,gldBankTabContentsNodeClassMethods,1.2,563 B,4611686284108230008 = gldBankTabContentsNode
14988062674482325429,149B1E74,gldBankTransactionLogClassMethods,1.2,1.75 KB,4611686284295190011 = gldBankTransactionLog
14988146784032664643,EBCAC3BD,gldMemberComponentClassMethods,Beta,2.55 KB,9223372077496870001 = gldMemberComponent
14988029065908725057,00632EC2,gldMemberInfoClassMethods,Beta,6.87 KB,9223372077496870002 = gldMemberInfo
14988122740982885631,7756466B,gldMemberLedgerNodeClassMethods,1.2,3.45 KB,4611686284465260000 = gldMemberLedgerNode
14988232020811886327,7DCC4F0C,gldNodeClassMethods,Beta,16.99 KB,9223372077243570008 = gldNode
14988232333381268838,8FA15EF5,gldNotesInfoClassMethods,1,1.93 KB,4611686250406450001 = gldNotesInfo
14988089193831678133,46A3FCB2,gldOracleClassMethods,Beta,149.92 KB,9223372077242072501 = gldOracle
14988236285678408308,EF104676,gldRankClassMethods,Beta,5.55 KB,4611686060437331197 = gldRank
14988131957100612431,167641D4,gmCameraControllerClassMethods,Beta – 5.1.3,10.99 KB,4611686041612371575 = gmCameraController
14988003896810108068,D8FAAE15,gmf,Beta – 2.3.3a,79 B,
14988136946753493759,6D546151,gmOracleClassMethods,Beta,98.83 KB,4611686041612371573 = gmOracle
14988115096189327142,B0FC0BC0,grpGroupManagerClassMethods,Beta,65.14 KB,4611686018434420010 = grpGroupManager
14988034504574078701,B336648A,grpItemRollTransactionClassMethods,Beta,2.53 KB,4611686064201931195 = grpItemRollTransaction
14988209721588352099,AA05167F,grpMemberComponentClassMethods,Beta,11.31 KB,4611686018434420015 = grpMemberComponent
14988156173465785489,179615D8,grpMemberDataClassMethods,Beta,1.15 KB,4611686054577831208 = grpMemberData
14988012581525315414,900B8C68,grpMemberInfoClassMethods,Beta,11.50 KB,4611686018434630022 = grpMemberInfo
14988257115480580812,6BFF7A38,grpMemberShadowClassMethods,Beta,24.49 KB,4611686052468731191 = grpMemberShadow
14988238221929419939,A818F5AE,grpNodeClassMethods,Beta,94.01 KB,4611686018434460010 = grpNode
14988221468779847358,36E01430,grpRaidMemberInfoClassMethods,Beta,1.26 KB,4611686085486655193 = grpRaidMemberInfo
14988050096848520832,23189486,grpRaidNodeClassMethods,Beta,14.08 KB,4611686085486655191 = grpRaidNode
14987985645765441287,47433ECA,grpWarzoneRaidNodeClassMethods,Beta,1.03 KB,4611686097447569991 = grpWarzoneRaidNode
14988157295652756790,29A10451,gssUtils,Beta,79 B,
14988246677118639644,DA281E2E,guiActionUsable,Beta,2.31 KB,
14988035263922607588,0EBF2E4E,GUIAnimation,Beta,12.55 KB,
14988082534666957042,F0A0483E,guiApiClassMethods,Beta,52.70 KB,4611686018437240014 = guiApi
14987991237257276049,E00E4BC0,guiApiFactoryClassMethods,Beta,6.09 KB,4611686018437240017 = guiApiFactory
14988016979202678816,59F83EA9,guiApiGfxClassMethods,Beta,72.60 KB,4611686018437240015 = guiApiGfx
14988141000426554593,09CFB6F0,guiApiGfxCmdsClassMethods,Beta,129.94 KB,4611686018443030082 = guiApiGfxCmds
14988230076697487636,5A203FBD,guiApiGfxCmdsContainer,Beta,15.95 KB,
14988223099903099108,4324C30C,guiApiGfxCommandHandler,Beta,3.75 KB,
14988109119467182143,66D8EFC9,guiApiGfxExternalInterfaceClassMethods,Beta,170.09 KB,4611686052909731191 = guiApiGfxExternalInterface
14988140192471982129,5843034,guiApiGfxExternalInterfaceCommonClassMethods,Beta,10.25 KB,4611686080454214191 = guiApiGfxExternalInterfaceCommon
14988097350907154110,D1DCAEFD,guiApiGfxFacialReconstructionClassMethods,Beta,14.62 KB,4611686226006690000 = guiApiGfxFacialReconstruction
14988176721822524336,9379294C,guiApiGfxGetsClassMethods,Beta,157.37 KB,9223372036862520241 = guiApiGfxGets
14988047795869322449,123C07C6,guiApiGfxInputEventsClassMethods,Beta,7.00 KB,4611686086579561993 = guiApiGfxInputEvents
14988125736444591214,F7ECF8A7,guiApiGfxMenuGroup,Beta,25.92 KB,
14988162213229142551,5C3399AB,guiApiGfxMenuPhase,Beta,6.63 KB,
14988151862778083528,89BE04F5,guiApiGfxTaxiClassMethods,Beta,24.93 KB,4611686035046870009 = guiApiGfxTaxi
14988155804265047010,C646710D,guiApiGfxUpdateAblClassMethods,Beta,24.99 KB,4611686019559810023 = guiApiGfxUpdateAbl
14988168233806742294,A3BFFB4D,guiApiGfxUpdateAuctionClassMethods,Beta,13.81 KB,4611686060793431194 = guiApiGfxUpdateAuction
14988019674983230046,F414A4E3,guiApiGfxUpdateChrClassMethods,Beta,309.99 KB,4611686019559810018 = guiApiGfxUpdateChr
14988241902736782570,993EFC23,guiApiGfxUpdateChrCompanionClassMethods,Beta,4.29 KB,9223372072822270000 = guiApiGfxUpdateChrCompanion
14988118505102854964,5E47BF14,guiApiGfxUpdateClassMethods,Beta,15.77 KB,4611686019559810017 = guiApiGfxUpdate
14988044378357480422,6B07BBE9,guiApiGfxUpdateCnvClassMethods,Beta,9.08 KB,4611686019559810020 = guiApiGfxUpdateCnv
14988011514490663090,08C2D390,guiApiGfxUpdateConClassMethods,Beta,64.46 KB,4611686019559810019 = guiApiGfxUpdateCon
14988199486258290557,B78BDFDF,guiApiGfxUpdateGrpClassMethods,Beta,13.04 KB,4611686019559810021 = guiApiGfxUpdateGrp
14988149183295279805,82FE522B,guiApiGfxUpdateMailClassMethods,Beta,16.09 KB,4611686049993971029 = guiApiGfxUpdateMail
14988174501539008179,2DE5CB90,guiApiGfxUpdateQstClassMethods,Beta,30.87 KB,4611686019559810022 = guiApiGfxUpdateQst
14988092231880690285,5C41B89A,guiApiGfxUpdateSklClassMethods,Beta – 3.0.1,57.23 KB,4611686039107870074 = guiApiGfxUpdateSkl
14988085421891768743,887A719D,guiApiGfxUpdateTrainerClassMethods,Beta,12.96 KB,4611686034963470084 = guiApiGfxUpdateTrainer
14988147513956202852,3F243A03,guiApiGfxUpdateVehClassMethods,Beta,12.46 KB,4611686028656170042 = guiApiGfxUpdateVeh
14987993433733228233,78B9BDB8,guiApiGfxUpdateVndClassMethods,Beta,12.60 KB,4611686033861670002 = guiApiGfxUpdateVnd
14988226374052813811,983EEAA6,guiApiGfxUpdateWorldMapClassMethods,Beta,4.53 KB,4611686019618390025 = guiApiGfxUpdateWorldMap
14988222229791625796,FAD962DB,guiApiGfxVarsClassMethods,Beta,172.07 KB,4611686018443030083 = guiApiGfxVars
14988144923793207502,477E57B5,guiCCSExternalInterfaceClassMethods,Beta,5.82 KB,4611686052930131207 = guiCCSExternalInterface
14988076449585023891,3F56D48B,GUICheckboxClassMethods,Beta,14.52 KB,3775000115 = GUICheckBox
14988187783888301139,E9668449,guiColorTable,Beta,2.62 KB,
14988164076693268195,B2227FDF,GUIControlClassMethods,Beta,25.61 KB,3775000058 = GUIControl
14988109788340322620,DD3B1385,guiCSSExternalInterfaceClassMethods,Beta,7.04 KB,4611686052930131203 = guiCSSExternalInterface
14988257723834436808,1523FE11,guiCustomization,1.2,1.04 KB,
14988243047521685308,FFB246E7,guiDeathScreenComponentClassMethods,Beta,18.13 KB,4611686019215470003 = guiDeathScreenComponent
14988136959724052051,5F60492B,guiDebugInspectClassMethods,Beta,6.90 KB,4611686019251960002 = guiDebugInspect
14988028650476582503,4873A9E4,guiDressingRoomClassMethods,Beta,24.71 KB,4611686226002820000 = guiDressingRoom
14988080127247755753,BA5EE47B,guiFlyTextManagerClassMethods,Beta,41.76 KB,4611686018446250607 = guiFlyTextManager
14988125348975866669,7FB862B8,guiFlyTextNodeClassMethods,Beta,3.24 KB,4611686019412350019 = guiFlyTextNode
14988166852253035040,F2706ED0,guiGfxCCSClassMethods,Beta,18.97 KB,4611686018483970129 = guiGfxCCS
14988115064584155203,E3FA0362,guiGfxCharacterSelectionClassMethods,Beta,25.65 KB,4611686018479690015 = guiGfxCharacterSelection
14988194153092831375,AA05E091,guiGfxCreditsClassMethods,1,4.41 KB,4611686250413470000 = guiGfxCredits
14988240379926625942,7B15F509,guiGFXGalaxyMapClassMethods,Beta – 5.1.3,7.52 KB,4611686043810770002 = guiGFXGalaxyMap
14988057110438851784,EFDF56CB,guiGfxLoadingScreenClassMethods,Beta,30.36 KB,4611686060454731192 = guiGFxLoadingScreen
14988166623337543372,FB1EE957,guiGfxShardSelectionClassMethods,Beta,29.37 KB,4611686073924219592 = guiGfxShardSelection
14988181685502094720,866794A3,guiHudClassMethods,Beta,1.79 KB,4611686018437240008 = guiHud
14988202965637287953,C9903B71,guiHudElementClassMethods,Beta,4.45 KB,4611686018434550136 = guiHudElement
14988070667560234155,A0E3FF10,guiIconButtonId,Beta,45.81 KB,
14988002555535598486,5570C758,guiJwwMagicGfxClassMethods,Beta,827 B,4611686018433810005 = guiJwwMagicGfx
14988027576764035555,5B72A25A,guiLoadingClassMethods,Beta,645 B,4611686018763930068 = guiLoading
14988042668503618736,9B3F4DB8,guiMaterialSwitcherClassMethods,Beta,14.53 KB,4611686018934090282 = guiMaterialSwitcher
14988227938622540367,308E25BC,guiNameplatesClassMethods,Beta,34.85 KB,4611686018454770016 = guiNameplates
14988199671469114879,5CDF02D4,guiOverheadChatClassMethods,Beta,4.05 KB,4611686063586731194 = guiOverheadChat
14988105380531070232,1DDA43FD,guiPaperDollClassMethods,Beta,10.82 KB,4611686018457350081 = guiPaperDoll
14988157619852374914,BF7133D3,guiPortrait,Beta,20.48 KB,
14988065146725170761,2798EC11,GUIRadioButtonClassMethods,Beta,14.56 KB,3775000116 = GUIRadioButton
14988117306037140727,5487D4CE,guiShardSelectionExternalInterfaceClassMethods,Beta,2.85 KB,4611686141817475042 = guiShardSelectionExternalInterface
14987990743995212341,FEE0C687,guiSliderField,Beta,2.42 KB,
14988068424398344191,1820A4DD,guiSliderFieldClassMethods,Beta,472 B,4611686018429050002 = guiSliderField
14988015991436099839,C4099790,gws,Beta – 7.6.1d,79 B,
14988141520781248967,2D1D7225,HBNodeClassMethods,Beta,5.44 KB,4611686025669311862 = HBNode
14988080862211094669,986EE9B4,hrc,Beta – 7.6.1d,79 B,
14988074555264174416,B410C448,hydAction,Beta,87.62 KB,
14988076914586033281,75162EC0,hydActionCallbacks,Beta,1.08 KB,
14987992976416213597,066A9E3B,hydEditor,Beta,6.57 KB,
14988163375496383656,4DAAC61A,hydObjectComponentClassMethods,Beta,13.38 KB,4611686030368870000 = hydObjectComponent
14988164911403469892,49A0BF06,hydOracleClassMethods,Beta,5.05 KB,4611686034569970001 = hydOracle
14988036458313891288,4312BCBA,hydScriptComponentClassMethods,Beta,22.11 KB,4611686026710280630 = hydScriptComponent
14988132700350266583,BBB9B077,hydScriptMapClassMethods,Beta,2.25 KB,4611686026539818818 = hydScriptMap
14988197249463855156,6325825,hydScriptRuntimeExecutionClassMethods,Beta,15.50 KB,4611686198961130000 = hydScriptRuntimeExecution
14988120757417665016,420B0B02,hydToolboxObject,Beta,27.89 KB,
14988094715202578532,08C06A93,hydTriggerEntityClassMethods,Beta,302 B,4611686033869670001 = hydTriggerEntity
14988035373265979843,C3E71492,hypOracleClassMethods,1,24.58 KB,4611686245047550000 = hypOracle
14988144456114774567,8E307745,invContainerClassMethods,Beta,5.63 KB,4611686030472070009 = invContainer
14988220628151522093,BAA3CADD,itmAppearanceDatatableClassMethods,Beta,5.04 KB,4611686018474340853 = itmAppearanceDatatable
14988009489928545064,5F3E10ED,itmBindingComponentClassMethods,Beta,4.07 KB,4611686018447080238 = itmBindingComponent
14988181327119547364,3B4DF3AD,itmConversationComponentClassMethods,Beta,1.58 KB,4611686023023154852 = itmConversationComponent
14988171301375504246,5310101B,itmCraftedComponentClassMethods,Beta,2.39 KB,4611686052511431199 = itmCraftedComponent
14988080573343299564,4111F7BF,itmDurableComponentClassMethods,Beta,7.92 KB,4611686018447080258 = itmDurableComponent
14987993277137155312,6E17E054,itmEnhanceableComponentClassMethods,Beta,38.05 KB,4611686052492331209 = itmEnhanceableComponent
14988053633314616746,31392F8C,itmEnhancementComponentClassMethods,Beta,4.58 KB,4611686052492331208 = itmEnhancementComponent
14988049069734827552,9C736F06,itmEnhancementStationComponentClassMethods,Beta,2.38 KB,4611686055598831325 = itmEnhancementStationComponent
14988172090039033318,C2AD7FFA,itmEquipableComponentClassMethods,Beta,7.79 KB,4611686018447080259 = itmEquipableComponent
14988129697520622932,643D657F,itmGiftboxComponentClassMethods,Beta,3.92 KB,4611686052492331238 = itmGiftboxComponent
14988012570255196951,5E95AFF2,itmGiftComponentClassMethods,Beta,682 B,4611686054011931259 = itmGiftComponent
14988027640585215063,A6F181AE,itmItemClassMethods,Beta,48.36 KB,4611686018445921550 = itmItem
14988216366404601860,A02AA8E4,itmMailMessageComponentClassMethods,Beta,1.13 KB,4611686054673431198 = itmMailMessageComponent
14988050975221528817,5EDF396F,itmOracleClassMethods,Beta,64.54 KB,4611686018445921826 = itmOracle
14988219828951889213,47DF6C47,itmRestrictedComponentClassMethods,Beta,38.86 KB,4611686019252632532 = itmRestrictedComponent
14988121014604026509,1859B030,itmSetBonusManagerComponentClassMethods,Beta,14.30 KB,4611686052492331229 = itmSetBonusManagerComponent
14988242628879832751,190A2D85,itmShadowNodeClassMethods,1.2,5.40 KB,4611686334035410000 = itmShadowNode
14988175893187700145,26D06490,itmSpaceCombatComponentClassMethods,Beta,7.43 KB,4611686073744897792 = itmSpaceCombatComponent
14988177080267849465,F0D64FA2,itmStackableComponentClassMethods,Beta,1.56 KB,4611686029944370005 = itmStackableComponent
14988041278719472271,A8071028,itmUsableComponentClassMethods,Beta,2.46 KB,4611686019240070384 = itmUsableComponent
14988236925527434519,5BD6A145,itmWearableComponentClassMethods,Beta,517 B,4611686019023338929 = itmWearableComponent
14988144634053410779,2BA2F24D,jak,Beta – 1.3.8,79 B,
14988138036983641357,25A2E8DB,jam,Beta – 1.3.8,79 B,
14988164275863364037,50AB13E6,jamClientTestClassMethods,Beta – 1.3.8,79 B,4611686019238860002 = jamClientTest
14988063270193518116,11AB1824,jba,Beta – 1.2.7b,79 B,
14988178910532666482,4DF12BFA,jc,Beta – 1.2.7b,79 B,
14988131439913135509,0F99CBDD,jeg,Beta – 1.3.8,79 B,
14988228947280890120,419AA864,jensen,Beta,79 B,
14988175611997789849,4AF12741,jf,Beta – 1.2.7b,79 B,
14988075364820497821,4C9EA912,jgh,Beta – 7.6.1d,79 B,
14988119345288000558,64968015,jjb,Beta,79 B,
14988162226240458119,0B887C70,jls,Beta – 7.6.1d,79 B,
14988177619403013296,598525A3,jma,Beta – 7.6.1d,79 B,
14988047472680374328,B6EA6709,jmaClassMethods,Beta,79 B,4611686031032576518 = jma
14988171022333244098,63853561,jmk,Beta – 1.3.8,79 B,
14988162226240218490,4B850F99,jms,Beta – 1.2.7b,79 B,
14988079762870571795,607E74E3,jpf,Beta – 1.2.7b,79 B,
14988172121847631211,3482ACCD,jrb,Beta,79 B,
14988160505873148002,90665C87,jrbClassMethods,Beta,79 B,4611686028656170020 = jrb
14988174320870887877,268296C3,jrl,Beta – 1.2.7b,79 B,
14988002073998693920,90F3FF2B,jshep,Beta – 1.3.8,79 B,
14988149032102573982,5F76248B,jww,Beta,79 B,
14988177053369291603,C8D64231,jwwClassMethods,Beta,79 B,4611686028139070003 = jww
14988058872086128002,E9EDD715,kwp,Beta – 7.6.1d,79 B,
14988061071110484094,DBD5BC25,kyn,Beta,513 B,
14988195084782821344,94025373,kynEntityComponentClassMethods,Beta,532 B,4611686022713150009 = kynEntityComponent
14988066711760429663,F5BC7134,kynMsgClassMethods,Beta,6.17 KB,4611686050300675623 = kynMsg
14988178718444245934,A33AA6EE,lad,Beta – 7.6.1d,79 B,
14988165676370659745,BA079F11,lgcAccountLegacyDataClassMethods,1,30.52 KB,4611686247038860001 = lgcAccountLegacyData
14988172031215078684,0EC8EC8D,lgcOracleClassMethods,1.2,30.15 KB,4611686256858230001 = lgcOracle
14988105214503819638,62C97E3E,lgcUnlockDefinitionClassMethods,1.2 – 1.4.3,2.78 KB,4611686284007810008 = lgcUnlockDefinition
14988055376940146250,3EC726AA,listutils,Beta,10.35 KB,
14988096784836140457,47A8648C,locLocalizableComponentClassMethods,Beta,6.05 KB,4611686102842470021 = locLocalizableComponent
14988112747744129339,8769D90F,lvr,Beta,79 B,
14988249306426826774,BF9E8BED,magDebugUtilClassMethods,1,79 B,4611686245760280001 = magDebugUtil
14988256788175651014,7FDED438,malMailboxComponentClassMethods,Beta,3.14 KB,4611686048656071022 = malMailboxComponent
14988003354217905578,5E946187,malMailContainerClassMethods,Beta,1.59 KB,4611686059196731196 = malMailContainer
14988238987312373168,B088BE42,malMailOracleClassMethods,Beta,32.55 KB,4611686049993971020 = malMailOracle
14988236508909300190,4DF5F771,mapOracleClassMethods,Beta,102.68 KB,4611686020073980008 = mapOracle
14988214102345911240,375C2A4C,MapTriggers,Beta,1.47 KB,
14988195519615855117,5A2EA226,MarshalUtils,Beta,22.98 KB,
14988185475005434949,3F48C6F2,mathInterpolator,Beta,1.75 KB,
14988246171186990948,521D591E,mathInterpolatorVector3,Beta,2.28 KB,
14988046776967549655,27605F8F,mda,Beta – 7.6.1d,79 B,
14988167734137223429,54A67C42,miscUtils,Beta,3.31 KB,
14988078662806373299,144EF885,mmh,Beta – 7.6.1d,79 B,
14988081761934699992,E8990038,mmsOracleClassMethods,Beta,31.75 KB,4611686052226471021 = mmsOracle
14988068554395772994,8F170D39,modMetaStatComponentClassMethods,Beta,4.03 KB,4611686039674270048 = modMetaStatComponent
14988014086062379914,23C89FB2,modStatComponentClassMethods,Beta,14.07 KB,4611686038108070018 = modStatComponent
14988061777755798981,78416563,modStatDataClassMethods,Beta,744 B,4611686038108070015 = modStatData
14988252483553279894,6060AC9F,mok_chrCharacterClassMethods,Beta,79 B,4611686034963470126 = mok_chrCharacter
14988133638388378112,262EC130,mph,Beta – 7.6.1d,79 B,
14988227049303540808,6A0B26DE,mphClassMethods,Beta – 7.6.1d,79 B,4611686053128531199 = mph
14988140589885604106,70C2F8C2,mpnMapNoteInfoClassMethods,Beta,7.23 KB,4611686026914850759 = mpnMapNoteInfo
14988003789385750603,1D505DE4,mpnMapNoteOracleClassMethods,Beta,160.42 KB,4611686020803420720 = mpnMapNoteOracle
14988139860841409000,DCA08030,musOracleClassMethods,Beta,19.79 KB,4611686018483970154 = musOracle
14987979585156775957,7A739635,namTypeClassMethods,Beta,8.48 KB,4611686044100470035 = namType
14988007194794182596,6DE968E2,nmb,Beta – 7.6.1d,79 B,
14988105374366974507,58FE3D23,NodePropertyEditorClassMethods,Beta,38.39 KB,68019000046 = NodePropertyEditor
14988014270658232816,037AB12B,npcTargeterComponentClassMethods,Beta,1.56 KB,4611686062700531192 = npcTargeterComponent
14988175002142470697,E56C9A88,npcTitleClassMethods,Beta,863 B,4611686041303070004 = npcTitle
14988062212180535802,65F13691,optOptionsAdapterClassMethods,Beta,123.45 KB,4611686048022170075 = optOptionsAdapter
14988230397770838298,D106EE25,pcc,Beta – 1.2.7b,79 B,
14987992076412969229,6A0FB03F,pccClassMethods,Beta – 1.2.7b,79 B,4611686034343870057 = pcc
14988148905954839504,5E943AC7,pcTargeterComponentClassMethods,Beta,26.16 KB,4611686062700531193 = pcTargeterComponent
14987987773258871952,62FEE293,PerfUtils,Beta,6.88 KB,
14988191618476992691,2F08C099,phsCheckpointComponentClassMethods,Beta,1.82 KB,4611686034685270083 = phsCheckpointComponent
14988018442410894040,1F0E55B2,phsClassPhasedInstanceClassMethods,Beta,15.13 KB,4611686090226269993 = phsClassPhasedInstance
14988022705739357235,3AB886FB,phsClassPhaseInfoClassMethods,Beta,1.80 KB,4611686092629569995 = phsClassPhaseInfo
14988219368268985980,271848FB,phsEntityClassMethods,Beta,2.34 KB,4611686028410001183 = phsEntity
14988114517002613091,2AB4DF97,phsExteriorShipDoorComponentClassMethods,1,1.79 KB,4611686237770420043 = phsExteriorShipDoorComponent
14987999778801294563,072AA62E,phsFlashpointPhasedInstanceClassMethods,Beta,11.56 KB,4611686090226269992 = phsFlashpointPhasedInstance
14988225723621514577,01D5F62F,phsFlashpointPhaseInfoClassMethods,Beta,937 B,4611686092629569997 = phsFlashpointPhaseInfo
14988140758448816960,746B1A1A,phsGatewayClassMethods,Beta,1.66 KB,4611686029857367645 = phsGateway
14988121854468285429,F4A4D8F4,phsGatewayFxClassMethods,Beta,2.14 KB,4611686245204840000 = phsGatewayFx
14988234428737522778,A58F4446,phsImplicitlyPhasedInstanceClassMethods,Beta,2.05 KB,4611686090226269991 = phsImplicitlyPhasedInstance
14988158324020229042,B95EFD5E,phsOracleClassMethods,Beta,46.82 KB,4611686025029775447 = phsOracle
14988138985372116010,7D7EC33D,phsParticipantClassMethods,Beta,10.42 KB,4611686031359470033 = phsParticipant
14988075381240041184,13A15E82,phsPhasedInstanceClassMethods,Beta,16.57 KB,4611686028457775607 = phsPhasedInstance
14988087709087026546,BDFD81EB,phsPhaseInfoClassMethods,Beta,9.62 KB,4611686028457775577 = phsPhaseInfo
14988217966310186345,790DC0A8,phsPlayerPhaseDataClassMethods,Beta,1.79 KB,4611686096601569995 = phsPlayerPhaseData
14988146653426793482,A28B3CEE,phsRaidPhasedInstanceClassMethods,Beta,17.22 KB,4611686085827061593 = phsRaidPhasedInstance
14988153109103177196,982E41EF,phsRaidPhaseInfoClassMethods,Beta,726 B,4611686086996869994 = phsRaidPhaseInfo
14988126101659736013,DB65DA7A,phsRaidPrototypeClassMethods,Beta,730 B,4611686085433054791 = phsRaidPrototype
14988014330838258312,5F2B7273,phsShipHangarPhasedInstanceClassMethods,Beta,207 B,4611686091587869991 = phsShipHangarPhasedInstance
14988073485882043489,040D1C00,phsShipPhasedInstanceClassMethods,Beta,2.74 KB,4611686101728870022 = phsShipPhasedInstance
14988192816358220510,CF67AB11,phsShipPhaseInfoClassMethods,Beta,420 B,4611686101728870023 = phsShipPhaseInfo
14988152655005350080,7467F72C,phsSpaceCombatPhasedInstanceClassMethods,Beta,534 B,4611686090226269996 = phsSpaceCombatPhasedInstance
14988169256055042107,E6F18FFE,phsWarzonePhasedInstanceClassMethods,Beta,644 B,4611686090226269995 = phsWarzonePhasedInstance
14988107479794948855,DB4AD09E,phsWorldPhasedInstanceClassMethods,Beta,5.51 KB,4611686090226269994 = phsWorldPhasedInstance
14988110697771761288,1885E97F,phsWorldPhaseInfoClassMethods,Beta,1.35 KB,4611686092629569996 = phsWorldPhaseInfo
14988112757240086976,98101390,phyBallisticGenerator,Beta,23.40 KB,
14988209334250206124,358F384D,phyBallisticGeneratorDefault,Beta,24.34 KB,
14988238984128199995,A65FFC4F,phyBallisticParabolaClassMethods,Beta,2.18 KB,4611686028572833796 = phyBallisticParabola
14988200299691200294,BD2F0EA1,phyBallisticSimulatorClassMethods,Beta,8.53 KB,4611686028733875075 = phyBallisticSimulator
14988149709339507763,C0721224,phyBallisticTester,Beta,79 B,
14988217671959032924,D0FF3302,phyBallisticTesterClassMethods,Beta,11.39 KB,4611686031022270012 = phyBallisticTester
14988085355293735263,51A12C82,phyBallisticWaypointClassMethods,Beta,4.28 KB,4611686028583292851 = phyBallisticWaypoint
14988200782304266772,D78CD711,phyBallisticWaypointQueueClassMethods,Beta,16.36 KB,4611686028583292406 = phyBallisticWaypointQueue
14988247134260882533,65ED0AB8,phyOracleClassMethods,Beta,5.25 KB,4611686029082870011 = phyOracle
14988246890447037711,BFF58A41,pjd,Beta – 7.6.1d,79 B,
14988183304989449779,0FDE8117,plcComponentClassMethods,Beta,12.55 KB,4611686029003970033 = plcComponent
14988213171305018667,CDDE9C0F,plcConversationItemComponentClassMethods,Beta,600 B,4611686023046591016 = plcConversationItemComponent
14988186024061074010,CD2DF0E3,plcDoors,Beta,6.61 KB,
14988219174917029534,80699C92,plcOracleClassMethods,Beta,992 B,4611686020015894512 = plcOracle
14988231908542477680,61DA5CAB,plcPlaceableClassMethods,Beta,30.88 KB,4611686029003970034 = plcPlaceable
14988130539686382258,AC1F0026,plcPlatformComponentClassMethods,Beta,35.16 KB,4611686043242970001 = plcPlatformComponent
14988181371229155284,E1C2F0B5,plcPropClassMethods,Beta,11.09 KB,4611686029370470005 = plcProp
14987999381081861428,9E2386CE,plcTemplateClassMethods,Beta,6.22 KB,4611686019112067715 = plcTemplate
14988057512006257200,0770DC1A,plcUserComponentClassMethods,Beta,4.65 KB,4611686053183531200 = plcUserComponent
14988066735335945129,C09CA899,pltTriggerVolumeClassMethods,Beta,1.26 KB,4611686044396970033 = pltTriggerVolume
14988115138862419029,23FFF466,pm,Beta,79 B,
14988021900358422974,A65FEC2A,preOracleClassMethods,Beta,18.55 KB,4611686026161350007 = preOracle
14988134720805597133,82ACE93D,prfHarvestableComponentClassMethods,Beta,13.03 KB,4611686043588270020 = prfHarvestableComponent
14988055530002617888,06E83CDD,prfKnownSchematicClassMethods,Beta,4.48 KB,4611686097289969991 = prfKnownSchematic
14988010922038129041,75DCE5C3,prfOracleClassMethods,Beta,136.36 KB,4611686043654570032 = prfOracle
14988155241921658170,D3330D15,prfTrainerComponentClassMethods,Beta,6.51 KB,4611686053680031370 = prfTrainerComponent
14988084543385201339,6FFBC602,prfTrainerListInfoClassMethods,Beta – 7.5.1c,1.44 KB,4611686072190484793 = prfTrainerListInfo
14988047687943697136,E61D2B5B,pthOracleClassMethods,Beta,2.35 KB,4611686028671875072 = pthOracle
14988008146328071523,F9910BC1,pvpDuelingBaseComponentClassMethods,Beta,1.16 KB,4611686063300131192 = pvpDuelingBaseComponent
14988096199050766189,ECFD5441,pvpDuelingPlayerComponentClassMethods,Beta,13.08 KB,4611686063300131193 = pvpDuelingPlayerComponent
14988126591460369269,B94C892B,pvpMath,1.2,392 B,
14987986155653415919,134BF2C3,pvpParticipantComponentClassMethods,Beta,24.78 KB,4611686052476631224 = pvpParticipantComponent
14988141527141357895,8BFCC687,qa,Beta,5.78 KB,
14988020693067321215,5A7CA4DD,qaClassMethods,Beta,4.87 KB,4611686053680031248 = qa
14988175456756104484,43643FE8,qaFPSTestClassMethods,Beta,70.96 KB,4611686025470270089 = qaFPSTest
14988103933182268108,2D1C328E,qaMoveDriverClassMethods,Beta,43.02 KB,4611686019251960053 = qaMoveDriver
14988106943398894397,C34FB468,qaMoveTestClassMethods,Beta,112.27 KB,4611686019993680001 = qaMoveTest
14988252269539584993,9B9A080B,qaStringContainerClassMethods,Beta,1.47 KB,4611686053680031283 = qaStringContainer
14987990704178689598,31ECFE29,qat,Beta,12.34 KB,
14988077041419354655,3D549343,qatClassMethods,Beta,10.95 KB,4611686053680031224 = qat
14988136197703185035,54EAF9D4,qaTestManagerClassMethods,Beta,2.53 KB,4611686025470270049 = qaTestManager
14988193503063837112,C4964247,qaVehicleClassMethods,Beta,150 B,4611686053680031295 = qaVehicle
14988260272487551834,20FC747C,qaVMTestClassMethods,Beta,47.55 KB,4611686025506970099 = qaVMTest
14988113900397804658,61DB160A,qckContainerComponentClassMethods,Beta,9.91 KB,4611686036529370007 = qckContainerComponent
14988147225499086911,0333487C,qckLinkClassMethods,Beta,8.25 KB,4611686036529370003 = qckLink
14988104647638655755,3BA5FC32,qstComplexVariableDefinitionClassMethods,Beta,1.02 KB,4611686019149981799 = qstComplexVariableDefinition
14988023558886952032,3CBDD188,qstComponentClassMethods,Beta,155.71 KB,4611686019146800145 = qstComponent
14988163558282689318,7332E7C9,qstConstVariableDefinitionClassMethods,Beta,425 B,4611686019146630094 = qstConstVariableDefinition
14988085610215220376,9BE1D776,qstCounterVariableDefinitionClassMethods,Beta,1.53 KB,4611686019157992539 = qstCounterVariableDefinition
14988173762367045836,47B7F0EE,qstEditor,Beta,2.22 KB,
14988136138062739018,02C4DDBE,qstEvents,Beta,79 B,
14988058849480640696,F1D95893,qstInstanceVariableDefinitionClassMethods,Beta,1.87 KB,4611686025228662304 = qstInstanceVariableDefinition
14988115601794327118,6A6335C7,qstItemVariableDefinitionClassMethods,Beta,1.51 KB,4611686019148686710 = qstItemVariableDefinition
14988244547472351831,34444F60,qstLinkVariableDefinitionClassMethods,Beta,1.49 KB,4611686019149981114 = qstLinkVariableDefinition
14988043203802814895,EF895B8C,qstMapNoteVariableDefinitionClassMethods,Beta,310 B,4611686020947656569 = qstMapNoteVariableDefinition
14988043968599681829,58D2D2BB,qstOracleClassMethods,Beta,54.74 KB,4611686019146630139 = qstOracle
14988039915826871559,EE636B44,qstPendingRewardsClassMethods,Beta,5.94 KB,4611686036819870029 = qstPendingRewards
14988218139690767492,2FE20888,qstPermanentBoolVariableDefinitionClassMethods,Beta,1.75 KB,4611686124452955043 = qstPermanentBoolVariableDefinition
14988173892024662730,15E5CE07,qstPermanentIntVariableDefinitionClassMethods,Beta,1.59 KB,4611686124474605042 = qstPermanentIntVariableDefinition
14988102486482851031,AFA80BE9,qstPrerequisitesDefinitionClassMethods,Beta,2.76 KB,4611686019157990648 = qstPrerequisitesDefinition
14988105844523671075,1C9B55B8,qstQuestDefinitionClassMethods,Beta,23.34 KB,4611686019146630098 = qstQuestDefinition
14988073144576725684,7BECD5C4,qstRewardsPerLevelClassMethods,Beta,1.31 KB,4611686039462170005 = qstRewardsPerLevel
14988029988374967555,9865662,qstSimpleBoolVariableDefinitionClassMethods,Beta,1.67 KB,4611686019152400554 = qstSimpleBoolVariableDefinition
14988256070517782419,3DBB8EED,qstSimpleIntVariableDefinitionClassMethods,Beta,1.01 KB,4611686019146630090 = qstSimpleIntVariableDefinition
14988183047560558523,522705CC,qstState,Beta,1.70 KB,
14988229412078853755,CB7005E9,qstStep,Beta,21.12 KB,
14988232974515296682,7F2FF024,qstStringIdVariableDefinitionClassMethods,Beta,477 B,4611686019191269723 = qstStringIdVariableDefinition
14988205474345050858,122CB8BA,qstTask,Beta,2.37 KB,
14988132565026467178,A021CAA5,qstUtilityIntVariableDefinitionClassMethods,Beta,2.99 KB,4611686020010482530 = qstUtilityIntVariableDefinition
14988132010573859423,D489A49A,qstUtilityVariableDefinitionClassMethods,Beta,5.53 KB,4611686019149980637 = qstUtilityVariableDefinition
14987987962649173804,185A6FC5,qstVarComponentClassMethods,Beta,15.73 KB,4611686039107870086 = qstVarComponent
14988142737966128503,59C2B83C,qstVariableDefinitionClassMethods,Beta,2.00 KB,4611686019146630085 = qstVariableDefinition
14988073257462724297,912E8E7E,qstVariableExpressions,Beta,38.68 KB,
14988099556076778499,61DD6D00,rcb,Beta – 7.6.1d,79 B,
14988093222726868277,9B8C39AF,repClient,Beta,79 B,
14988220028315789259,01D6A12A,repTestClassClassMethods,Beta,79 B,4611686027202943221 = repTestClass
14988147605038568925,1AEB624D,repTestXYClassMethods,Beta,79 B,4611686027202943027 = repTestXY
14988050078051276478,84E83175,roy,Beta – 7.6.1d,79 B,
14988067670242649363,84B694A9,rsa,Beta – 7.6.1d,79 B,
14988048978434836106,3FF02B97,sbm,Beta – 7.6.1d,79 B,
14988113144723114954,088E4C07,scAccessoryBehaviorClassMethods,Beta,2.05 KB,4611686061358531221 = scAccessoryBehavior
14988053625845055886,B8044B35,scAttachableEffectClassMethods,Beta,10.63 KB,4611686054449831231 = scAttachableEffect
14988223417660059912,173421EF,scEnemyShipBehaviorClassMethods,Beta,52.56 KB,4611686043721970011 = scEnemyShipBehavior
14988089481160845221,2045DA0A,scEnvironmentClassMethods,Beta,6.40 KB,4611686046972370035 = scEnvironment
14988245788432687829,E5243334,scPlayerShipBehaviorClassMethods,Beta,81.59 KB,4611686042703370021 = scPlayerShipBehavior
14988210188900565731,4572C3CF,scSpaceCombatOracleClassMethods,Beta,75.00 KB,4611686044019870064 = scSpaceCombatOracle
14988003586156600930,5358D2C2,scUpgradeComponentClassMethods,Beta,6.67 KB,4611686062484931191 = scUpgradeComponent
14988240914678249756,07B186BB,scVehicleClassMethods,Beta,30.83 KB,4611686047848770046 = scVehicle
14988062253229105733,BA5A30AE,searchAndReplace,Beta,1.44 KB,
14988198143905896453,B904A483,SF_GFx_GUIControlClassMethods,Beta,1.47 KB,4611686018434550008 = SF_GFx_GUIControl
14988195812132474356,3EDE2212,sgShipBehaviourClassMethods,Beta,79 B,
14988015942909427626,53016318,simOracleClassMethods,Beta,12.21 KB,4611686034592370034 = simOracle
14988243407210989576,2878B74D,sklOracleClassMethods,Beta – 3.0.1,4.33 KB,4611686039674270041 = sklOracle
14988219592467244268,6302962A,sl,Beta,79 B,
14988099832675514436,22A09755,sndAmbienceManagerClassMethods,Beta,3.56 KB,4611686018429790039 = sndAmbienceManager
14988100822363107229,F22CE0C6,sndAudioRegion,Beta,901 B,
14988248569720250079,7D971DA8,sndAudioRegionClassMethods,Beta,3.13 KB,4611686030905970038 = sndAudioRegion
14988132396339333714,FA9ED492,sndBankOracleClassMethods,Beta,19.42 KB,4611686024557010002 = sndBankOracle
14988144619803413871,2B650293,sndConversationTest,Beta,79 B,
14988237901770178523,478E9655,sndConversationTestControllerClassMethods,Beta,79 B,4611686083489867191 = sndConversationTestController
14988091579119934105,D4270F52,sndEventDatatableClassMethods,Beta,847 B,4611686019310026634 = sndEventDatatable
14988143233570230222,AE4788C2,sndFootstepOwnerComponentClassMethods,Beta,20.94 KB,4611686019729550001 = sndFootstepOwnerComponent
14988246911072247402,F95EE85B,sndGruntManagerClassMethods,Beta,6.24 KB,4611686044396970000 = sndGruntManager
14988130071062168113,4AD229AE,sndGruntOwnerComponentClassMethods,Beta,10.15 KB,4611686044188870013 = sndGruntOwnerComponent
14988078894201154121,18581505,sndSoundPackage,Beta,10.55 KB,
14988241164354247523,739D9FA2,sndTestControllerClassMethods,Beta,2.11 KB,4611686056897131198 = sndTestController
14988169742890475955,C514B9BD,sndUtils,Beta,28.35 KB,
14988000938454943629,EAEB35E0,socOracleClassMethods,Beta,148.41 KB,4611686050587171116 = socOracle
14987986730321532133,AAC71FA9,socUtils,Beta,1.76 KB,
14988096232197233233,41E280C3,spnDispenserTemplateClassMethods,Beta,2.08 KB,4611686019119300138 = spnDispenserTemplate
14988217296152481447,49E2B523,spnEncounterControllerClassMethods,Beta,2.19 KB,4611686034963670004 = spnEncounterController
14987999254441205820,D2383B45,spnEncounterOracleClassMethods,Beta,16.62 KB,4611686034963670008 = spnEncounterOracle
14988194077250081872,4FD9EDF0,spnMedCenterComponentClassMethods,Beta,1020 B,4611686019236497558 = spnMedCenterComponent
14988197701636805405,256547F4,spnOracleClassMethods,Beta,56.94 KB,4611686018458090036 = spnOracle
14988050941217281693,9A5C9240,spnRelationMapNoteClassMethods,Beta,4.99 KB,4611686043654570086 = spnRelationMapNote
14987979987473194752,8A37F052,spnSpawnedAppearanceClassMethods,Beta,3.28 KB,4611686036620170092 = spnSpawnedAppearance
14988131331679287998,44C4E61F,spnSpawnedComponentClassMethods,Beta,12.16 KB,4611686018456770059 = spnSpawnedComponent
14988145109739657823,01FFB857,spnSpawnerAnchorClassMethods,Beta,79 B,4611686019395700001 = spnSpawnerAnchor
14988255222855292542,CB8968BB,spnSplineTestClassMethods,Beta,4.77 KB,4611686034851770017 = spnSplineTest
14988214776243899178,B03E7D46,spnVehicleClassMethods,Beta,52.08 KB,4611686028309870752 = spnVehicle
14988065373751689921,A1208BCE,spnVehicleMovementInTunnelClassMethods,Beta,4.39 KB,4611686031142870042 = spnVehicleMovementInTunnel
14988021331874790643,24DBFA85,spnVehicleMovementOnPathClassMethods,Beta,9.88 KB,4611686034424570002 = spnVehicleMovementOnPath
14987996654588650588,BABD3C55,spnVehicleMovementTurretClassMethods,Beta,1.81 KB,4611686031142870063 = spnVehicleMovementTurret
14988160216094350333,2C7C2B11,staCharacterComponentClassMethods,Beta,82.85 KB,4611686018483436428 = staCharacterComponent
14987993720901537474,239FAED8,staVehicleComponentClassMethods,Beta,1015 B,4611686028926770005 = staVehicleComponent
14987991546059349907,965BCEFE,staWeaponComponentClassMethods,Beta,39.91 KB,4611686018996582751 = staWeaponComponent
14988214384445722648,2DBB03AA,stgActorClassMethods,Beta,7.58 KB,4611686024974510006 = stgActor
14988190150978835622,AF179244,stgActorLookatClassMethods,Beta,8.44 KB,4611686037160270006 = stgActorLookat
14988186032463760765,4DC9517F,stgActorMarkClassMethods,Beta,1.44 KB,4611686024438910009 = stgActorMark
14988224323848882720,F234679E,stgAssetRequest,Beta,643 B,
14988211145605373018,C2DE6481,stgBaseMarkClassMethods,Beta,5.96 KB,4611686024438910008 = stgBaseMark
14988057067828614086,1BDD676D,stgCameraAutoClassMethods,Beta,8.84 KB,4611686025877970028 = stgCameraAuto
14988155164839551239,BC914219,stgCameraInterfaceClassMethods,Beta,2.70 KB,4611686025915590057 = stgCameraInterface
14988233844452144070,1E09B7CB,stgCameraMarkClassMethods,Beta,8.40 KB,4611686024438910012 = stgCameraMark
14987987186501943586,AA67028C,stgCameraTemplateClassMethods,Beta,694 B,4611686025877970027 = stgCameraTemplate
14988196378414767411,FC4FFD9F,stgCraftingStageClassMethods,Beta,7.09 KB,4611686053415631197 = stgCraftingStage
14988150125552041581,0B809A07,stgLiveStageClassMethods,Beta,107.02 KB,4611686024438910000 = stgLiveStage
14988114546672229733,DE0075AB,stgMarkInterfaceClassMethods,Beta,1.83 KB,4611686025877970029 = stgMarkInterface
14988260355646184421,E8267B08,stgMarkPreviewClassMethods,Beta,18.34 KB,4611686025470270007 = stgMarkPreview
14988078749998040666,6CC77D87,stgOracleClassMethods,Beta,54.13 KB,4611686024399830022 = stgOracle
14988006594392815611,78FB8037,stgPreviewControllerClassMethods,Beta,42.85 KB,4611686025128290043 = stgPreviewController
14988096081508562113,C129DEB8,stgStageBaseClassMethods,Beta,32.11 KB,4611686036367970022 = stgStageBase
14988004548850555981,52992811,stgStageClassMethods,Beta,11.30 KB,4611686024438910015 = stgStage
14987991753454833606,F936C50D,stgStageTransientClassMethods,Beta,3.40 KB,4611686036226470064 = stgStageTransient
14988199272868656596,218C95F7,stgTemplateClassMethods,Beta,19.91 KB,4611686024399830019 = stgTemplate
14988064165557188422,BCA6B2CC,stgWeaponComponentClassMethods,Beta,20.79 KB,4611686031461370006 = stgWeaponComponent
14988045679898055379,FD25DC18,stj,Beta – 1.2.7b,79 B,
14988124527953804605,AF490DA5,strGuiMiscClassMethods,Beta,1.14 KB,4611686051880971051 = strGuiMisc
14988119186711208185,F1EEA842,strLocalizedTextRetrieverClassMethods,Beta,7.22 KB,4611686093000569991 = strLocalizedTextRetriever
14988189260941115522,ADF266DC,strOracleClassMethods,Beta,87.43 KB,4611686019044750106 = strOracle
14988103917046298024,021B51A8,strTranslateClassMethods,Beta,2.50 KB,4611686038836870000 = strTranslate
14988103741630492394,58A9F06D,strutils,Beta,36.54 KB,
14988116357502799032,17542B97,svyEventClassMethods,Beta,8.28 KB,4611686035768670000 = svyEvent
14988095520018534991,7F3AE647,svyOracleClassMethods,Beta,1.56 KB,4611686034963670002 = svyOracle
14988233487724146108,1331DCC1,svyQuestionClassMethods,Beta – 1.3.8,5.05 KB,4611686034851870002 = svyQuestion
14988134170039745532,349805B7,svyTemplateClassMethods,Beta,5.67 KB,4611686034851870001 = svyTemplate
14988199741616540456,8338D3F2,sysBaseCharControlClassMethods,Beta,32.99 KB,4611686018429790007 = sysBaseCharControl
14988129110554817399,28AD301A,sysBaseClientClassMethods,Beta,77.82 KB,40012 = sysBaseClient
14988226167713829703,E2B9F50F,sysCCSClassMethods,Beta,102.47 KB,4611686018483970128 = sysCCS
14988062314220300401,00B0A9F3,sysCharacterSelectionClassMethods,Beta,65.21 KB,4611686018433010010 = sysCharacterSelection
14988221163181259663,DAB169CE,sysCharacterSystemClassMethods,Beta,5.00 KB,20001 = sysCharacterSystem
14988172135558299366,7BE53082,sysChatHandlerClassMethods,Beta,341.13 KB,4611686018444653554 = sysChatHandler
14987989709244664005,6522BE5E,sysChatListenerClassMethods,Beta,4.75 KB,4611686018443030050 = sysChatListener
14988246021657042750,A1EE65A8,sysDeveloperCommandsClassMethods,Beta,7.05 KB,4611686101506370022 = sysDeveloperCommands
14988039570885870419,A5DD14E4,sysEditHandlerClassMethods,Beta,799 B,
14988124158071019106,A4FF4033,sysFxSystemClassMethods,Beta,6.94 KB,4611686019406021189 = sysFxSystem
14988116104982122541,F3E61F41,sysHudClassMethods,Beta,74.96 KB,4611686018429790079 = sysHud
14988150726645622445,727947AC,sysInputBindings,Beta,3.87 KB,
14987997453123504086,94771441,sysInputCommandClassMethods,Beta,672 B,4611686083755878005 = sysInputCommand
14988101723416624646,B7C81A24,sysInputHandlerClassMethods,Beta,42.16 KB,4611686018434170015 = sysInputHandler
14988085145808810877,0DC29F76,sysInputKeys,Beta,4.68 KB,
14987999862274777592,1C309ADD,sysInputLayerClassMethods,Beta,16.69 KB,4611686083755878007 = sysInputLayer
14988092785914535652,C6C4BD85,sysServerRequestsClassMethods,Beta,2.26 KB,4611686018552360009 = sysServerRequests
14988041604260842838,F839302A,sysShardSelectionClassMethods,Beta,15.06 KB,4611686073924219591 = sysShardSelection
14988038131287938087,519F0ACC,sysTravelClassMethods,Beta,10.04 KB,4611686018432340006 = sysTravel
14988046779000206711,1933D646,tad,Beta – 1.2.7b,79 B,
14988029486452251554,BC6B008F,tagTableClassMethods,Beta,311 B,9223372077245472422 = tagTable
14988006540921483835,83424DDB,taxRoute,Beta,4.64 KB,
14988104101019749193,81EB1204,taxTerminalClassMethods,Beta,820 B,4611686034424570020 = taxTerminal
14988178523977114911,DC08D2CB,taxTerminalComponentClassMethods,Beta,7.58 KB,4611686035046870024 = taxTerminalComponent
14988175174397528431,B2D739E5,test,Beta,14.60 KB,
14987992419209764756,4A3B4BCA,tgtTargetableComponentClassMethods,Beta,1.47 KB,4611686062700531195 = tgtTargetableComponent
14988002768211381234,31A7949E,tipLoadingScreenTipsClassMethods,Beta,2.00 KB,4611686061628731200 = tipLoadingScreenTips
14988042380951940553,35454B7B,tjr,Beta – 7.6.1d,79 B,
14988151184042908557,82B2FFAC,tmrContainerComponentClassMethods,Beta,9.72 KB,9223372036862310108 = tmrContainerComponent
14988057591513974008,491B40F2,tmrDatatableClassMethods,Beta,514 B,9223372036862310102 = tmrDatatable
14987981098747086189,FFD2B7D4,tmrOracleClassMethods,Beta,2.60 KB,9223372036862310109 = tmrOracle
14988186787489359096,21FBC543,tmrTimerClassMethods,Beta – 5.10.4a,4.75 KB,9223372036862310101 = tmrTimer
14988259630908205650,A7D46609,ToolCallbacks,Beta,9.70 KB,
14988168559816224800,B2AD7290,ToolTip,Beta,8.15 KB,
14988025087244007151,69949766,trdContainerClassMethods,Beta,2.22 KB,4611686051238871021 = trdContainer
14987994536223822676,95E23BCD,trdOracleClassMethods,Beta,14.14 KB,4611686050972171027 = trdOracle
14988127869158454608,D52B4F4A,trdTraderComponentClassMethods,Beta,7.04 KB,4611686050972171025 = trdTraderComponent
14988087773741934008,35DA595D,trgRegionDebugClassMethods,Beta,2.57 KB,4611686094692669991 = trgRegionDebug
14988169905887148546,BD3BB4A0,trvTravelComponentClassMethods,Beta,29.06 KB,4611686086309461592 = trvTravelComponent
14988206376850670824,9525A805,tst_ablContainer,Beta,79 B,
14988168394986455888,3E34E49D,tst_audio,Beta – 2.4.3a,79 B,
14988082790007997830,0424E923,tst_Builtin_Math,Beta,79 B,
14988134963441090526,FE05A463,tst_BwaUnit,Beta – 2.4.3a,79 B,
14988229349769378684,EF44DD44,tst_bwaUnitFixtureAsynchronous,Beta,79 B,
14988249501805102605,272CF319,tst_bwaUnitFixtureSynchronous,Beta,79 B,
14988105112260967838,71E2743A,tst_cbtRing,Beta,79 B,
14988182848600249427,8CA96B7C,tst_CCS,Beta,79 B,
14988208195231018421,6465EB58,tst_characternode,Beta,79 B,
14987986691982751378,7AF2E5E3,tst_chrAnimLookat,Beta,79 B,
14988227347572263072,BDA1A79D,tst_chrAnimMeleeRangedBreakout,Beta,79 B,
14988010486474938189,86F5B2E1,tst_chrAnimProps,Beta,79 B,
14988211652913773070,C34ACA07,tst_chrAnimSystemVerification,Beta,79 B,
14988023856550919819,2F032E97,tst_chrBallisticSimulator,Beta,79 B,
14988204134161643980,3447529A,tst_chrBehavior,Beta,79 B,
14987994198427452483,BFA5A15C,tst_chrBehaviorLocalPlayer,Beta,79 B,
14988096869192352047,6FAEA5C0,tst_chrBehaviorLookAtMan,Beta,79 B,
14988097674801951114,1928C83E,tst_chrBehaviorRemoteAi,Beta,79 B,
14987998158179635479,A21F7235,tst_chrLocoAi,Beta,79 B,
14988119999044554589,1722AE02,tst_chrLocoAnim,Beta,79 B,
14988041907498876409,4E6E45B2,tst_chrMotion,Beta,79 B,
14988072398140241345,29D67E6A,tst_collections,Beta,79 B,
14988258194026010424,D1F1D366,tst_CollideBoundingBox,Beta,79 B,
14987990172446081527,F14F78F9,tst_CollideLineSweptSphere,Beta,79 B,
14988236458602481123,AB1B2791,tst_CollideLineSweptSphere2,Beta,79 B,
14988152300259339013,5427D5EC,tst_CollideRaySegment,Beta,79 B,
14988119331285398979,37160A27,tst_CollideRaySegmentWithNormal,Beta,79 B,
14988096153901882768,9FD83279,tst_conEquipment,Beta,79 B,
14988076191238336626,CA16C019,tst_conInventory,Beta,79 B,
14988035065824165217,157203A4,tst_cover,Beta – 2.4.3a,79 B,
14988096556384043095,C8B56D02,tst_coverAbility,Beta – 2.4.3a,79 B,
14988118053617108974,D1832FB3,tst_coverClient,Beta – 2.4.3a,79 B,
14988201543162509798,B07A1FAE,tst_covergen,Beta,79 B,
14988083826107755681,ED8D04AB,tst_CoverMeshUtility,Beta,79 B,
14988064106640821368,5.48E+95,tst_cowNodes,Beta,79 B,
14988016246730439089,51C6A48B,tst_csrCSPortal,Beta,79 B,
14988245029414208174,1B80DC11,tst_cvrBuilder,Beta,79 B,
14988080636778693795,6ADD8B57,tst_cvrBuilderDoubleInstance,Beta,79 B,
14988090672106418518,25E2B860,tst_cvrBuilderPurge,Beta,79 B,
14988148744019056768,EBA0DBE4,tst_cvrOracle,Beta,79 B,
14988128930715905174,1D4C7E74,tst_cvrOracle_Builder,Beta,79 B,
14988055595025766019,87983C09,tst_dtable,Beta,79 B,
14988092378993226964,FB8DBAA7,tst_effContainer,Beta,79 B,
14988166058439550347,71C14A30,tst_events,Beta,79 B,
14988154665891281429,ECB1BA46,tst_External_Area,Beta,79 B,
14988260310842100020,941DB94D,tst_External_GetNodeMeshCollapsed,Beta,79 B,
14988155110340881979,EC306DC9,tst_frustum,Beta,79 B,
14988041626612777060,580E2526,tst_heromachine,Beta,79 B,
14988077798063597897,4DFB9402,tst_item,Beta,79 B,
14988253608511550566,F3D60638,tst_itemAppearance,Beta,79 B,
14988142919998547279,AA6D2051,tst_node,Beta,79 B,
14988203269693650839,DDAE026E,tst_npcAppearance,Beta,79 B,
14988070900499030161,EA6C44B1,tst_options,Beta,79 B,
14988018279998764435,B806B8E4,tst_phyBallisticGenerator,Beta,79 B,
14988042001257924210,88C46F60,tst_phyBallisticGenerator_Adapter,Beta,79 B,
14988104450624142377,A64AA0A1,tst_phyBallisticParabola,Beta,79 B,
14988193577111362516,CED03E77,tst_phyBallisticSimulator,Beta,79 B,
14988096115964990213,F554078D,tst_phyBallisticSimulatorClassMethods,Beta,79 B,4611686028781679182 = tst_phyBallisticSimulator
14988158616327296829,F178F7FF,tst_phyBallisticSimulatorGravity,Beta,79 B,
14988255607327833854,E15FBA4F,tst_phyBallisticWaypointQueue,Beta,79 B,
14988121629713329421,7F78641D,tst_replication,Beta,79 B,
14988009627159541534,13A7D548,tst_replicationAwarenessClassMethods,Beta,79 B,4611686059390932408 = tst_replicationAwareness
14988036951947044668,EF7E4E73,tst_sample,Beta,79 B,
14988105740614533273,839ACF8D,tst_sample_fixture,Beta,79 B,
14988244280943308773,30C40378,tst_sheathing,Beta,79 B,
14988256684989860795,DAB2E0D1,tst_SpawnProfile,Beta,79 B,
14988098126771143724,F76945F8,tst_spline,Beta,79 B,
14988049755192338694,53F1DA56,tst_stgActorLookat,Beta,79 B,
14988167239660262836,681C7DD2,tst_tstFixtureClientCharacters,Beta,79 B,
14988002704154922084,B244D4ED,tst_utlBox,Beta,79 B,
14988211606680870573,D1EA9364,tst_utlGlobalConstants,Beta – 2.4.3a,79 B,
14988200723818576909,AEBF45E2,tst_utlMath,Beta,79 B,
14988022603234355721,5CB005E9,tst_utlmesh,Beta,79 B,
14988173945230236305,D3E88126,tst_utlMeshBox,Beta,79 B,
14988049999980804040,1DCBC33E,tst_utlMeshBoxes,Beta,79 B,
14988167759809236498,D47B0D7A,tst_utlmeshPerf,Beta,79 B,
14988015257296841707,7D27F1A5,tst_utlString,Beta,79 B,
14987998988615326943,43A164F0,tst_utlTransform,Beta,79 B,
14988180822873245182,1A0932D5,tst_utlXML,Beta,79 B,
14988105250579758752,1830F09E,tstAssert,Beta,79 B,
14988068301797839968,3A570294,tstCombat,Beta,79 B,
14988032628928012359,C5A8B3B2,tstCombatClassMethods,Beta,79 B,4611686021188710001 = tstCombat
14987980336280677566,C31CD6E8,tstEventOtherClassMethods,Beta,79 B,4611686033882170019 = tstEventOther
14988130740410027520,471FA841,tstEventSelfBaseClassMethods,Beta,79 B,4611686033923370000 = tstEventSelfBase
14988133372664045906,E24F4998,tstEventSelfClassMethods,Beta,79 B,4611686033665070002 = tstEventSelf
14988219366455136162,759E36FB,tstEventSelfGlomClassMethods,Beta,79 B,4611686033923370002 = tstEventSelfGlom
14988209379209204410,7A22A8FF,tstFixtureClassMethods,Beta,23.74 KB,4611686025546397780 = tstFixture
14988163071491701817,1B26CE30,tstOracleClassMethods,Beta,79 B,4611686025295935111 = tstOracle
14987985429551038007,0F8A0E8C,tstReplicationClassMethods,Beta,79 B,4611686027621091409 = tstReplication
14988036949682674198,2B8F146B,tstSlottedReplicationClassMethods,Beta,79 B,4611686030311570002 = tstSlottedReplication
14988070357588635388,F15F9B29,tutTutorialComponentClassMethods,Beta,10.02 KB,4611686142609550001 = tutTutorialComponent
14988057078017875640,118D75E8,utlBits,Beta,4.98 KB,
14988231686993795076,75D3190F,utlBoundsCollectionClassMethods,Beta,525 B,4611686025952330161 = utlBoundsCollection
14988124903956685822,4D4950C9,utlBox,Beta,23.75 KB,
14988095190602583073,19EFD5AC,utlBuildVersion,1.1.4,3.07 KB,
14988044940305943044,0301E07D,utlDataStructure,Beta,8.93 KB,
14988233476649819452,18D4E10A,utlDatatableClassMethods,Beta,15.72 KB,4611686018434390016 = utlDatatable
14988049107537437226,1C5D3190,utlDatatableOracleClassMethods,Beta,3.19 KB,4611686018445965597 = utlDatatableOracle
14988208221409788947,683350A7,utlDebug,Beta,7.04 KB,
14988068873268833607,51C134F8,utlEntityComponentClassMethods,Beta,1.13 KB,4611686018445820180 = utlEntityComponent
14988165974313415440,845D5941,utlEvents,Beta,79 B,
14988174868965729934,5B755EDB,utlFind,Beta,2.08 KB,
14988078724803319670,117B07D5,utlFQN,Beta,2.08 KB,
14988138759106426788,65BF1770,utlGlobalConstants,Beta,19.30 KB,
14988138226113507085,C590AAD9,utlGrammar,Beta,14.84 KB,
14987996349114964398,850B815E,utlHSLTimingTests,Beta,79 B,
14988232804617083806,DD1CBD04,utlHSLTimingTests2,Beta,79 B,
14988022342396116428,800A0BA0,utlHSLTimingTestsClassMethods,Beta,79 B,4611686047570670025 = utlHSLTimingTests
14988010000950167472,356AF407,utlHSLTimingTestsGlommedClassMethods,Beta,79 B,4611686047570670235 = utlHSLTimingTestsGlommed
14988053564646626348,E4F0BFE8,utlList,Beta,4.79 KB,
14988128367738632513,07B708BE,utlMath,Beta,28.30 KB,
14988176791085569028,3CA1F79F,utlMathComparison,Beta,1.14 KB,
14988077847907220494,D0C3AF43,utlMemory,Beta,1.74 KB,
14988240517576209556,7C833CB5,utlMesh,Beta,58.27 KB,
14988169863988695530,84AA8D04,utlMeshGeneratorClassMethods,Beta,13.27 KB,4611686022221010157 = utlMeshGenerator
14988173217850519656,92CB5212,utlMeshTriIndexes,Beta,894 B,
14987990641305542997,A6321015,utlMetrics,Beta,5.63 KB,
14988174674451971915,0776F502,utlMovieClassMethods,Beta,6.85 KB,4611686094465569992 = utlMovie
14988175672997930885,470DC26C,utlNode,Beta,4.86 KB,
14988150210344339976,A30044AC,utlOracleClassMethods,Beta,2.77 KB,4611686018468910518 = utlOracle
14988182580003814080,8BAB54DA,utlPerPlanetPreload,Beta,1.83 KB,
14988092234759512886,EDA4FA19,utlPreloadSetClassMethods,Beta,1.80 KB,4611686031927970011 = utlPreloadSet
14988073912602540746,2398E749,utlSpatialInterfaceClassMethods,Beta,4.49 KB,4611686033020570003 = utlSpatialInterface
14988041958838983529,78C520C2,utlStaticDefinitionsClassMethods,Beta,22.45 KB,4611686039392670029 = utlStaticDefinitions
14988065018138246426,802B13E9,utlString,Beta,25.60 KB,
14988071687049321613,2091DC9F,utlSurveys,Beta,30.60 KB,
14988056101342278556,E700CD63,utlSyncBooleanClassMethods,Beta,1.41 KB,4611686019013950157 = utlSyncBoolean
14988201793350963043,73758965,utlSyncFloatClassMethods,Beta,1.12 KB,4611686019013950185 = utlSyncFloat
14988171450540933984,182CC872,utlSyncNoderefClassMethods,Beta,1.20 KB,4611686019013950206 = utlSyncNoderef
14988002699800596513,5811C480,utlSyncStringClassMethods,Beta,1.33 KB,4611686019013950162 = utlSyncString
14988226045633607050,75120C1C,utlTemplateClassMethods,Beta,2.22 KB,4611686019112068713 = utlTemplate
14988080189049801810,7FED0B06,utlTemplateOracleClassMethods,Beta,6.95 KB,4611686019564250024 = utlTemplateOracle
14988170633516426385,FD4A334B,utlTools,Beta,908 B,
14988077532136606429,488372A9,utlTrace,Beta,279 B,
14988253169893246069,8B3AC2DB,utlTrainerListClassMethods,Beta – 7.5.1c,1.44 KB,4611686043654570061 = utlTrainerList
14988173708335509654,7EE5C9CC,utlTransform,Beta,11.14 KB,
14988095072061430303,26E80F94,utlVendorListClassMethods,Beta – 7.5.1c,1.63 KB,4611686044592570004 = utlVendorList
14988068393948425589,54BF2ADE,utlVersionableNodeClassMethods,Beta,279 B,4611686076583943051 = utlVersionableNode
14988112333543048274,4F5719E1,utlVfxComponentClassMethods,Beta,9.59 KB,4611686031293970002 = utlVfxComponent
14988057346640489334,EC005C36,utlXmlParser,Beta,5.44 KB,
14988013435150848267,163D5AD5,vehInstanceClassMethods,Beta,3.20 KB,4611686033507470001 = vehInstance
14988186357883039748,0384CEA8,vehOracleClassMethods,Beta,1.08 KB,4611686028292780568 = vehOracle
14988240477924107020,82A07546,vehSoundsClassMethods,Beta,5.02 KB,4611686036620170082 = vehSounds
14988059080618670343,5A29E273,vndBuyerComponentClassMethods,Beta,3.03 KB,4611686052930131314 = vndBuyerComponent
14988209929688085244,564AA343,vndOracleClassMethods,Beta,42.99 KB,4611686033280570004 = vndOracle
14988017848984600018,4B6D310A,vndVendorComponentClassMethods,Beta,1.64 KB,4611686033352170000 = vndVendorComponent
14988086361524875128,A114EC4E,wes,Beta – 7.6.1d,79 B,
14988204519354158298,DA39B135,wevOracleClassMethods,1.2,10.07 KB,4611687128170250001 = wevOracle
14988164426849130028,682BEBE2,wjb,Beta – 1.3.8,79 B,
14988250329110908892,E54A4612,wnkComponentClassMethods,Beta,4.53 KB,4611686061108531213 = wnkComponent
14988254780876568640,EED5DD3C,wzArbiterUIElementsDataClassMethods,Beta,2.78 KB,4611686054056831201 = wzArbiterUIElementsData
14988203908496634911,55D9D1E6,wzArbiterUITypesDataClassMethods,Beta,1.76 KB,4611686054056831200 = wzArbiterUITypesData
14988154842672863935,48F59D08,wzScoreboardClassMethods,Beta,27.03 KB,4611686056430831200 = wzScoreboard
14988238908838424365,1E469221,XMLParser,Beta,2.31 KB,