Opcode,Direction,Name,Family,Envelope,BodySchema,Confidence,Evidence,Notes
0x61116AD5,C2S,CMsg61116AD5,Area,"opcode + routed component + body","Observed 36-byte body: LE u32 0xC5; four f32 interpreted as heading/XYZ; 16 opaque bytes; complete semantic schema unresolved",Captured,"Diagnostics/DecoderBaseline-20260930/movement-source.txt; Diagnostics/Fixtures/Movement/C5-20260929.hex; Diagnostics/Test-PacketDecoder.ps1; SharpServer/NET/Packets/Client/CMsg61116AD5.cs; phase-exit logs","Two C5 samples in last-server-full.log have this length. Strict length is a bounded acceptance policy not proof all movement variants have this shape. C7 is observed but unsupported; unknown tail meaning and native lifecycle effect remain unresolved. Offline tests do not promote confidence."
0xF96DCDB0,C2S,CMsgF96DCDB0,Area,"opcode + routed component + body","Multiple RPC/keepalive/ability variants; not one fixed body",Captured,"SharpServer/NET/Packets/Client/CMsgF96DCDB0.cs; Diagnostics/Ability-Result-Contract-20260926.md","Do not apply one reply policy to every variant"
0x0D446E80,S2C,ClientReplicationTransaction,Area,"opcode + routed component + replication blob","Captured .acrt fixture payloads",Captured,"Server/Framework/Src/Network/Packet.h; Diagnostics/Test-AreaWireRoundTrip.ps1","Replication data is not proven to be native room streaming. Generated override CRT18 is a 97-byte duplicate phase-instance probe, not a capture; its room-stream role remains Hypothesis. SHA256 6752695E7BCCA4139D9488E56B35F95D4B37DC0750064B88166B52374CCB9A09; actual stream 0x001B502E also used by doorway destroy. Automatic doorway send removed; retry remains opt-in. See Diagnostics/DoorwayControl-20260930/crt18-provenance.txt and Diagnostics/Experiments/2026-09-30-01-doorway-crt18-suppression-control.md. Live control 2026-09-30: operator reports wall persists; accepted C5 crossing and replication route/apply return observed, but specific phase-info removal and room residency unconfirmed. See Diagnostics/DoorwayControl-20260930/live-analysis/RESULTS.md. No confidence promotion."
0xA1D9E226,S2C,AwarenessEntered,Area,"opcode + routed component + awareness blob","Captured .aaw fixture payloads",Captured,"Server/Framework/Src/Network/Packet.h; Diagnostics/Test-AreaWireRoundTrip.ps1","Creation sets are non-idempotent"
0xCFBFFBCB,S2C,SetCharacter,Area,"opcode + routed component","u64 character node id",Client-derived,"Server/Framework/Src/Network/Packet.h; SharpServer/NET/Packets/Server/AreaSetCharacter.cs","Startup reordering experiment did not open the wall"
0x944511BF,S2C,CharacterTeleport,Area,"opcode + routed component","Existing implementation; full confidence needs registry follow-up",Client-derived,"Server/Framework/Src/Network/Packet.h; client dispatch map in Diagnostics/Handover-20260929-Notify.md","Do not infer room residency from teleport alone"
0x13509F15,S2C,SendToArea,World,"opcode + component","Existing implementation; transition role unresolved",Hypothesis,"Server/Framework/Src/Network/Packet.h; SharpServer/NET/Packets/Server/WorldSendToArea.cs","Known opcode does not prove it is the missing notify"
0x699FAC0E,S2C,AssetCreated,Area,"handler ambiguity unresolved","Two-u64 handler and separately logged string handler require reconciliation",Hypothesis,"Diagnostics/Handover-20260929-Notify.md","Do not send until handler and lifecycle effect are proven"
UNKNOWN,S2C,InstanceCreated,System,"system table registration unresolved","String field plus body suggested by cold handler; opcode unknown",Hypothesis,"Diagnostics/Handover-20260929-Notify.md","No Packet.h entry; do not derive opcode by hashing"

