"Original","Archive","SHA256","Action","Reason"
"_build_verify.txt","Archive/RepositoryCleanup-20261004/root-scratch/_build_verify.txt","5F672CEF869C14D02EA098BC10F36CB3D47C601AD3D296FC2358AD83DD0FF25B","ARCHIVE","Fork-only one-shot root probe, output or redundant trace wrapper; not in supported launch chain"
"_crt3_status.txt","Archive/RepositoryCleanup-20261004/root-scratch/_crt3_status.txt","04A17347B1E67CBEC8A4753CC0C4662728153A2FFBA97ED86FB12E3D9CEF2A0C","ARCHIVE","Fork-only one-shot root probe, output or redundant trace wrapper; not in supported launch chain"
"_csproj_anchor.txt","Archive/RepositoryCleanup-20261004/root-scratch/_csproj_anchor.txt","C2765BF6755F476A75F033689F7163B7E2F61331A7405705B3E95032193E7CE0","ARCHIVE","Fork-only one-shot root probe, output or redundant trace wrapper; not in supported launch chain"
"_csproj_probe.txt","Archive/RepositoryCleanup-20261004/root-scratch/_csproj_probe.txt","A67867219243B61254C1A290093A48CA8B30F702EA700689BCCA1C6870A6B2A0","ARCHIVE","Fork-only one-shot root probe, output or redundant trace wrapper; not in supported launch chain"
"_csproj_section.txt","Archive/RepositoryCleanup-20261004/root-scratch/_csproj_section.txt","A375DC4B55EC948FEC232A044E8E6CBCC794D7AEB469D9BEF2DD55A391A1D211","ARCHIVE","Fork-only one-shot root probe, output or redundant trace wrapper; not in supported launch chain"
"_csproj_tail.txt","Archive/RepositoryCleanup-20261004/root-scratch/_csproj_tail.txt","46A6FFC7419D9CF64290E1520DCDD5BFDE2DEECD12067C0AFB2316D643E77AC1","ARCHIVE","Fork-only one-shot root probe, output or redundant trace wrapper; not in supported launch chain"
"_csproj_verify.txt","Archive/RepositoryCleanup-20261004/root-scratch/_csproj_verify.txt","BA3D80BDEA53D554B2D500E5C342FD6EB3D563BAEFEC110E631825350B9FDCAB","ARCHIVE","Fork-only one-shot root probe, output or redundant trace wrapper; not in supported launch chain"
"_csproj_verify2.txt","Archive/RepositoryCleanup-20261004/root-scratch/_csproj_verify2.txt","74DA1AA35A2EFEDDE3986ACCACF86593A85BB0FA218E219F3831A7444AC885A1","ARCHIVE","Fork-only one-shot root probe, output or redundant trace wrapper; not in supported launch chain"
"_dotnet_log.txt","Archive/RepositoryCleanup-20261004/root-scratch/_dotnet_log.txt","E0D39BBE6E76FD84124C8B20E081B3155E3AE95AAA3CF824814B06D95E71AF2D","ARCHIVE","Fork-only one-shot root probe, output or redundant trace wrapper; not in supported launch chain"
"_dotnet_probe.txt","Archive/RepositoryCleanup-20261004/root-scratch/_dotnet_probe.txt","4F85373858F0A70E1FBB952E2815D38673F95060FF10D8B72AFF49CA65AA9698","ARCHIVE","Fork-only one-shot root probe, output or redundant trace wrapper; not in supported launch chain"
"_dotnet_wtest.txt","Archive/RepositoryCleanup-20261004/root-scratch/_dotnet_wtest.txt","8A1B6EC1FF95FE707C05CFC2C356372F7BA165C953C571A2A31606C3AA7DDA65","ARCHIVE","Fork-only one-shot root probe, output or redundant trace wrapper; not in supported launch chain"
"_dotnet_wtest.txt.latin1","Archive/RepositoryCleanup-20261004/root-scratch/_dotnet_wtest.txt.latin1","DB6AEA54BF01F207407CFA9D9288ED55EBA8B605D3460430B6B3502764072B7D","ARCHIVE","Fork-only one-shot root probe, output or redundant trace wrapper; not in supported launch chain"
"_exe_strings.txt","Archive/RepositoryCleanup-20261004/root-scratch/_exe_strings.txt","10E4BCA4C7103450B7E22D844D5A6A6FB64E1AD9087DFAC6503648FF3494377C","ARCHIVE","Fork-only one-shot root probe, output or redundant trace wrapper; not in supported launch chain"
"_exe_strings2.txt","Archive/RepositoryCleanup-20261004/root-scratch/_exe_strings2.txt","3A1824000A7ED8217E61750AA4CEECC81A5A442D9D98B2CD7202DA30F1A4337D","ARCHIVE","Fork-only one-shot root probe, output or redundant trace wrapper; not in supported launch chain"
"_exe_strings3.txt","Archive/RepositoryCleanup-20261004/root-scratch/_exe_strings3.txt","2A746CC5E7C85398F67DDCA98275AA9CDD384048187637DB6D2CE511971239B1","ARCHIVE","Fork-only one-shot root probe, output or redundant trace wrapper; not in supported launch chain"
"_launch_helper.ps1","Archive/RepositoryCleanup-20261004/root-scratch/_launch_helper.ps1","355FE26E9A5B511AAE0AA320B4CAB5838B9C2381124170B7F131A4168089F47E","ARCHIVE","Fork-only one-shot root probe, output or redundant trace wrapper; not in supported launch chain"
"_log_window.txt","Archive/RepositoryCleanup-20261004/root-scratch/_log_window.txt","3CDEBC3EAC6A830C51DD4D387397C3AB4FE96DDC3FE8753F7FEC21BA15B65F9C","ARCHIVE","Fork-only one-shot root probe, output or redundant trace wrapper; not in supported launch chain"
"_packet_contract.txt","Archive/RepositoryCleanup-20261004/root-scratch/_packet_contract.txt","0689DD346C9977661064477741F0B7E909899A130B83B48434B3AC60C618F2CD","ARCHIVE","Fork-only one-shot root probe, output or redundant trace wrapper; not in supported launch chain"
"_probe_pa_and_tor.txt","Archive/RepositoryCleanup-20261004/root-scratch/_probe_pa_and_tor.txt","6354091FAD4BB115C31E53175EC29714F4CDC0040BF475653371CF0934DB955A","ARCHIVE","Fork-only one-shot root probe, output or redundant trace wrapper; not in supported launch chain"
"_state_probe.txt","Archive/RepositoryCleanup-20261004/root-scratch/_state_probe.txt","D0CC309AF1A52E9A9185D19D16143276318E73EB572FF495A151518605A84A55","ARCHIVE","Fork-only one-shot root probe, output or redundant trace wrapper; not in supported launch chain"
"_state_probe2.txt","Archive/RepositoryCleanup-20261004/root-scratch/_state_probe2.txt","9AC1B60DCEDB8462CF86C9BBAB8FF220B09EB5A7D977F48CADE159079A8A551C","ARCHIVE","Fork-only one-shot root probe, output or redundant trace wrapper; not in supported launch chain"
"_tooling_status.txt","Archive/RepositoryCleanup-20261004/root-scratch/_tooling_status.txt","C3F92B7052F4E380BD0BCE9DF1E379C6B4C2C47EB9317006C4E72638CD50EC63","ARCHIVE","Fork-only one-shot root probe, output or redundant trace wrapper; not in supported launch chain"
"_verify_files.txt","Archive/RepositoryCleanup-20261004/root-scratch/_verify_files.txt","A1BA6299F298F7E3D565628167EDD1CEBAE8CA431A63CBEBF7AEE0AF5ABA1DF7","ARCHIVE","Fork-only one-shot root probe, output or redundant trace wrapper; not in supported launch chain"
"build-verify.ps1","Archive/RepositoryCleanup-20261004/root-scratch/build-verify.ps1","205BCD7B35780CE1DD49D781DB2D99F9CF50C74728CFD52C4660B0A0A0A107DA","ARCHIVE","Fork-only one-shot root probe, output or redundant trace wrapper; not in supported launch chain"
"check-server-state.ps1","Archive/RepositoryCleanup-20261004/root-scratch/check-server-state.ps1","7B1B441DA8D9E8F2FBDC5871417B6233E8DE6E7D5269D5E7A49BA15A97945BAC","ARCHIVE","Fork-only one-shot root probe, output or redundant trace wrapper; not in supported launch chain"
"crt3-and-tooling-probe.ps1","Archive/RepositoryCleanup-20261004/root-scratch/crt3-and-tooling-probe.ps1","EBA027C79A1538AF45192A11D4FCD5EE723EDC733C41DB32F61F9C405F47C53B","ARCHIVE","Fork-only one-shot root probe, output or redundant trace wrapper; not in supported launch chain"
"csproj-anchor.ps1","Archive/RepositoryCleanup-20261004/root-scratch/csproj-anchor.ps1","74361DC38E8875DBD276EF12B1E1AFAFC25590C3394557AF3DA7071709E63B08","ARCHIVE","Fork-only one-shot root probe, output or redundant trace wrapper; not in supported launch chain"
"csproj-probe.ps1","Archive/RepositoryCleanup-20261004/root-scratch/csproj-probe.ps1","961B1A4EFE0683F09A433C6A55FD4ED89185EA581384F57D1F1E01520EBDC786","ARCHIVE","Fork-only one-shot root probe, output or redundant trace wrapper; not in supported launch chain"
"csproj-probe2.ps1","Archive/RepositoryCleanup-20261004/root-scratch/csproj-probe2.ps1","858698A5EBECC88570166B26433CCE5E2C4F29D6E6ECBA6ABB4DA71E13756D16","ARCHIVE","Fork-only one-shot root probe, output or redundant trace wrapper; not in supported launch chain"
"csproj-section-probe.ps1","Archive/RepositoryCleanup-20261004/root-scratch/csproj-section-probe.ps1","6F6EDEED63B4BCA3D481254F14E678FC51C32DE9931B216525A2C8475D4E8C08","ARCHIVE","Fork-only one-shot root probe, output or redundant trace wrapper; not in supported launch chain"
"csproj-tail-probe.ps1","Archive/RepositoryCleanup-20261004/root-scratch/csproj-tail-probe.ps1","B7E31721E01D8E6AD2CE7A19484110A352B03E0E394A2C0C7176287A22859146","ARCHIVE","Fork-only one-shot root probe, output or redundant trace wrapper; not in supported launch chain"
"csproj-tail-probe2.ps1","Archive/RepositoryCleanup-20261004/root-scratch/csproj-tail-probe2.ps1","17261B1833444C09388E044DFC318486F6A159CA7CD7909E4EB8BA6AE7754840","ARCHIVE","Fork-only one-shot root probe, output or redundant trace wrapper; not in supported launch chain"
"disable-crt3.ps1","Archive/RepositoryCleanup-20261004/root-scratch/disable-crt3.ps1","4805329105B56221F71337164F10299A3B9B6987B667EE70AC8170C0DCE54731","ARCHIVE","Fork-only one-shot root probe, output or redundant trace wrapper; not in supported launch chain"
"dotnet-probe.ps1","Archive/RepositoryCleanup-20261004/root-scratch/dotnet-probe.ps1","3165DBAD4A21798E9813E3255080EBBA302E831381387C206A1FE77782ADFFD2","ARCHIVE","Fork-only one-shot root probe, output or redundant trace wrapper; not in supported launch chain"
"dotnet-writetest.ps1","Archive/RepositoryCleanup-20261004/root-scratch/dotnet-writetest.ps1","FAA38F1185A52E8C6EA8762FF4A4E7D25A54A2BD27E5A6750F157EB857F463F7","ARCHIVE","Fork-only one-shot root probe, output or redundant trace wrapper; not in supported launch chain"
"exe-check.ps1","Archive/RepositoryCleanup-20261004/root-scratch/exe-check.ps1","943AFA0329C05B1CA4C2691C09C25930CCBEF0771895E30120E50C81696055DB","ARCHIVE","Fork-only one-shot root probe, output or redundant trace wrapper; not in supported launch chain"
"exe-check2.ps1","Archive/RepositoryCleanup-20261004/root-scratch/exe-check2.ps1","82C39DC16EC65AF18B5C31EDAEAD457632DEA10576B07F8D0ECD107C90CC51C9","ARCHIVE","Fork-only one-shot root probe, output or redundant trace wrapper; not in supported launch chain"
"exe-check3.ps1","Archive/RepositoryCleanup-20261004/root-scratch/exe-check3.ps1","26EAFC65C0B049D640F075ED5CC98C8C60DEA8F63DACDD7AD05E79DA756582AE","ARCHIVE","Fork-only one-shot root probe, output or redundant trace wrapper; not in supported launch chain"
"launch-and-check.ps1","Archive/RepositoryCleanup-20261004/root-scratch/launch-and-check.ps1","AE338FE466F256E702E97751BB6DE981D325C263FD009E93B148354BD65E40E2","ARCHIVE","Fork-only one-shot root probe, output or redundant trace wrapper; not in supported launch chain"
"Launch-Trace-Tython-F96Echo.cmd","Archive/RepositoryCleanup-20261004/root-scratch/Launch-Trace-Tython-F96Echo.cmd","9C1BCC98F5A90BD421AC87E17E5BD3D8A5440580332D4A8442D60C6056D410CF","ARCHIVE","Fork-only one-shot root probe, output or redundant trace wrapper; not in supported launch chain"
"Launch-Trace-Tython.cmd","Archive/RepositoryCleanup-20261004/root-scratch/Launch-Trace-Tython.cmd","9229600EBFD90ACD2AE1A3E8CEF057D687D2F3009A5A0F69165BA12ACDE880CA","ARCHIVE","Fork-only one-shot root probe, output or redundant trace wrapper; not in supported launch chain"
"Launch-TraceTython.cmd","Archive/RepositoryCleanup-20261004/root-scratch/Launch-TraceTython.cmd","D52004F53BC3BD1C380F58A355DB9C705426024993CFED6B80C7258C2CF80722","ARCHIVE","Fork-only one-shot root probe, output or redundant trace wrapper; not in supported launch chain"
"monitor-trace.ps1","Archive/RepositoryCleanup-20261004/root-scratch/monitor-trace.ps1","5A86CB8BA2F8C6374021D91BB18DCA3B793DFED68BAD866BC7534854ED7BB4C4","ARCHIVE","Fork-only one-shot root probe, output or redundant trace wrapper; not in supported launch chain"
"packet-contract.ps1","Archive/RepositoryCleanup-20261004/root-scratch/packet-contract.ps1","002A528690913928BC8A813B8885B4047B8A30FF5EED230C9D62DBE9ADAE9D2D","ARCHIVE","Fork-only one-shot root probe, output or redundant trace wrapper; not in supported launch chain"
"poll-after-launch.ps1","Archive/RepositoryCleanup-20261004/root-scratch/poll-after-launch.ps1","A3490C8A9674DEF3FC252E71AB097D74A23AB6DED93597311EE40E9B316C280B","ARCHIVE","Fork-only one-shot root probe, output or redundant trace wrapper; not in supported launch chain"
"probe_pa_tor.ps1","Archive/RepositoryCleanup-20261004/root-scratch/probe_pa_tor.ps1","FFC5EDD4136C9D50090CEDF9B0E02EC13152E1133A27D8FFC61296D88A280ABD","ARCHIVE","Fork-only one-shot root probe, output or redundant trace wrapper; not in supported launch chain"
"probe-bin-debug.ps1","Archive/RepositoryCleanup-20261004/root-scratch/probe-bin-debug.ps1","5F6DEBFF4C47BB914942F747259CE893C0A7E74784B8F9B656235163537E8D2A","ARCHIVE","Fork-only one-shot root probe, output or redundant trace wrapper; not in supported launch chain"
"probe-build-diag.ps1","Archive/RepositoryCleanup-20261004/root-scratch/probe-build-diag.ps1","6A6F5082E5CEB3437236DEBF065BD9274680B22D61795A4ADEFF4F372FD23B80","ARCHIVE","Fork-only one-shot root probe, output or redundant trace wrapper; not in supported launch chain"
"probe-csproj.ps1","Archive/RepositoryCleanup-20261004/root-scratch/probe-csproj.ps1","E980C1012B1711DF5315BE6ACC59A5492DE818B73C939E7D3EEF0AAFCD0C015E","ARCHIVE","Fork-only one-shot root probe, output or redundant trace wrapper; not in supported launch chain"
"probe-diag.ps1","Archive/RepositoryCleanup-20261004/root-scratch/probe-diag.ps1","6C745EA9D221EC31F2865FE6E1826746E27581EA5F48327F6D54923286C70E29","ARCHIVE","Fork-only one-shot root probe, output or redundant trace wrapper; not in supported launch chain"
"probe-diag2.ps1","Archive/RepositoryCleanup-20261004/root-scratch/probe-diag2.ps1","A7DB8AF35F4F7525AADDE3FCC51380AF3A267EF4DF21E49EFCB572C1E0A5C8F3","ARCHIVE","Fork-only one-shot root probe, output or redundant trace wrapper; not in supported launch chain"
"probe-dotnet-build.ps1","Archive/RepositoryCleanup-20261004/root-scratch/probe-dotnet-build.ps1","3719E1477F14A4219B7C83317A07F34D5C5C14254259FD8062C291F610588A37","ARCHIVE","Fork-only one-shot root probe, output or redundant trace wrapper; not in supported launch chain"
"probe-dotnet.ps1","Archive/RepositoryCleanup-20261004/root-scratch/probe-dotnet.ps1","DBA106E6E5BA2A26BBF3A1898F6D108B643E02F933C08F01A818A6A330021731","ARCHIVE","Fork-only one-shot root probe, output or redundant trace wrapper; not in supported launch chain"
"probe-handler-fresh.ps1","Archive/RepositoryCleanup-20261004/root-scratch/probe-handler-fresh.ps1","55AF3627D419503FCC7EA0491AF2D22978C9A374D5DDFD1F17D17C3FC1DE72D5","ARCHIVE","Fork-only one-shot root probe, output or redundant trace wrapper; not in supported launch chain"
"probe-running-server.ps1","Archive/RepositoryCleanup-20261004/root-scratch/probe-running-server.ps1","0BE8EE00E212EF0DCF0E8F39F0557CD0493DEAEA043921626413CD21BDD35C61","ARCHIVE","Fork-only one-shot root probe, output or redundant trace wrapper; not in supported launch chain"
"probe-server-state.ps1","Archive/RepositoryCleanup-20261004/root-scratch/probe-server-state.ps1","D00589066D6EB5B067DFF93E98B9AE60B7EFB9ADCB6A4290DEA193A6A3B9BDC1","ARCHIVE","Fork-only one-shot root probe, output or redundant trace wrapper; not in supported launch chain"
"probe-simple-write.ps1","Archive/RepositoryCleanup-20261004/root-scratch/probe-simple-write.ps1","4575C8CF9F669633B9C6181381CF2F83B31079F7B6C2F3342E84EEE7EB48851F","ARCHIVE","Fork-only one-shot root probe, output or redundant trace wrapper; not in supported launch chain"
"probe-toolchain.ps1","Archive/RepositoryCleanup-20261004/root-scratch/probe-toolchain.ps1","2EE01E0EC5C4F4865CC385D81BFA2E3BE327B6AC278B4C52442CB5C2DF586E2D","ARCHIVE","Fork-only one-shot root probe, output or redundant trace wrapper; not in supported launch chain"
"read-handler.ps1","Archive/RepositoryCleanup-20261004/root-scratch/read-handler.ps1","B2A6F83447D1EFC6014144A51AC626382C152290239CC4914BA88E0570836AEC","ARCHIVE","Fork-only one-shot root probe, output or redundant trace wrapper; not in supported launch chain"
"read-log-window.ps1","Archive/RepositoryCleanup-20261004/root-scratch/read-log-window.ps1","3A68F39469A00470010BB1F1B9BF446D97D0EDE614C31746511A1F872E92D831","ARCHIVE","Fork-only one-shot root probe, output or redundant trace wrapper; not in supported launch chain"
"rebuild_verify.ps1","Archive/RepositoryCleanup-20261004/root-scratch/rebuild_verify.ps1","CD78810FAA492406A9A201507BFB2DF323E27D606643FC1610815C1383E5D3CC","ARCHIVE","Fork-only one-shot root probe, output or redundant trace wrapper; not in supported launch chain"
"restart-trace.cmd.ps1","Archive/RepositoryCleanup-20261004/root-scratch/restart-trace.cmd.ps1","678445ED7585FD56A8FB5ABEC066253D0323A52BF0471AEBDFF3D74E24E3002A","ARCHIVE","Fork-only one-shot root probe, output or redundant trace wrapper; not in supported launch chain"
"state-check.ps1","Archive/RepositoryCleanup-20261004/root-scratch/state-check.ps1","0B7A32D614B00F826037055B275A4C0A9C230708D7E6D5AA52D01A45E0E54CB0","ARCHIVE","Fork-only one-shot root probe, output or redundant trace wrapper; not in supported launch chain"
"state-check2.ps1","Archive/RepositoryCleanup-20261004/root-scratch/state-check2.ps1","976EE9016E0A2D41970811DC8749C0B674F08FFF80E5183B4FC0422735071710","ARCHIVE","Fork-only one-shot root probe, output or redundant trace wrapper; not in supported launch chain"
"state-probe.ps1","Archive/RepositoryCleanup-20261004/root-scratch/state-probe.ps1","85CB905DE1B72E6BBFE60CA5B725A3E5ED21669A20723DE0187680626C24244F","ARCHIVE","Fork-only one-shot root probe, output or redundant trace wrapper; not in supported launch chain"
"state-probe2.ps1","Archive/RepositoryCleanup-20261004/root-scratch/state-probe2.ps1","E6F3F9A671A37ED4830D4F67CDC2C6468E249F2EC23D5B472D0AA95877BA2484","ARCHIVE","Fork-only one-shot root probe, output or redundant trace wrapper; not in supported launch chain"
"tooling-probe4.ps1","Archive/RepositoryCleanup-20261004/root-scratch/tooling-probe4.ps1","45E3A7C56BEC7C6F55881A8AEC7DF1558E14D6711CBBBB5C685CF386F4DE8210","ARCHIVE","Fork-only one-shot root probe, output or redundant trace wrapper; not in supported launch chain"
"tooling-probe5.ps1","Archive/RepositoryCleanup-20261004/root-scratch/tooling-probe5.ps1","5660AA4369C6674293465495C2650FC4AD18B3FD160A4FA083CF3BCCE7881D2F","ARCHIVE","Fork-only one-shot root probe, output or redundant trace wrapper; not in supported launch chain"
"tooling-probe6.ps1","Archive/RepositoryCleanup-20261004/root-scratch/tooling-probe6.ps1","292CE4DD19AA2C56CB3E8BCE14FFD824F0DD90B48BDC733105EDD446A2723C23","ARCHIVE","Fork-only one-shot root probe, output or redundant trace wrapper; not in supported launch chain"
"tooling-probe7.ps1","Archive/RepositoryCleanup-20261004/root-scratch/tooling-probe7.ps1","92F78239841E402B9E4ECF2434056C31EE4E911E959A8DF7CF03148B4ACC15A2","ARCHIVE","Fork-only one-shot root probe, output or redundant trace wrapper; not in supported launch chain"
"tooling-probe8.ps1","Archive/RepositoryCleanup-20261004/root-scratch/tooling-probe8.ps1","2CA7B068F017415AF81DBC8E9834AFA4EB6DD309857B3673206C0A142599840B","ARCHIVE","Fork-only one-shot root probe, output or redundant trace wrapper; not in supported launch chain"
"ToolingProbe4.txt","Archive/RepositoryCleanup-20261004/root-scratch/ToolingProbe4.txt","D1D3B514A3F5DE693EF28768B404952A1B26E7392345F4EFCE97B5DD9D52C092","ARCHIVE","Fork-only one-shot root probe, output or redundant trace wrapper; not in supported launch chain"
"ToolingProbe5.txt","Archive/RepositoryCleanup-20261004/root-scratch/ToolingProbe5.txt","94AE037440143593C512EE4497784609F8BC1EB030B0DFE24D99B4F83B98A78F","ARCHIVE","Fork-only one-shot root probe, output or redundant trace wrapper; not in supported launch chain"
"ToolingProbe8.txt","Archive/RepositoryCleanup-20261004/root-scratch/ToolingProbe8.txt","A8E2C93356A8EF4B32E195EF4F0F678278D08E9AF2DC365911E327C61364F07F","ARCHIVE","Fork-only one-shot root probe, output or redundant trace wrapper; not in supported launch chain"
"verify-files.ps1","Archive/RepositoryCleanup-20261004/root-scratch/verify-files.ps1","A87FF160760F580D9D77BA2EBABCB0BE1DE020DE5552AB89A47DB7B9204E66BB","ARCHIVE","Fork-only one-shot root probe, output or redundant trace wrapper; not in supported launch chain"
