"Experiment","Path","Expected","Actual","Matches"
"RetreatGateway-20261001","D:\SWTORClassic\swtoremu\Client\Hook\Src\PhaseUpdatePrefixes.h","2E034AE79950D7764CE295E3B9FA58F3D1CDE7B061333423F9E6CB48BF09CF43","2E034AE79950D7764CE295E3B9FA58F3D1CDE7B061333423F9E6CB48BF09CF43","True"
"RetreatGateway-20261001","D:\SWTORClassic\swtoremu\Client\Hook\Src\PhaseUpdateTrace.h","CF1BDF300AE3EF723A28B2449CC3DDF982121A98DD10E295FD6BDCC45F77AD02","CF1BDF300AE3EF723A28B2449CC3DDF982121A98DD10E295FD6BDCC45F77AD02","True"
"RetreatGateway-20261001","D:\SWTORClassic\swtoremu\Client\Hook\Bin\x86\MemoryMan.dll","1D9E7A3AFCA3BF8CCF8C270852AE91A2C1F577A4E2C3EDDE2C81FB19E5C12FB7","1D9E7A3AFCA3BF8CCF8C270852AE91A2C1F577A4E2C3EDDE2C81FB19E5C12FB7","True"
"RetreatGateway-20261001","D:\SWTORClassic\swtoremu\Client\Hook\Src\RoomSelectionTrace.h","27CDF6DA6A5FD6B507ED2FA5F208C8AA1FCE5AEC05D200346546CFEE8ED6E6B0","27CDF6DA6A5FD6B507ED2FA5F208C8AA1FCE5AEC05D200346546CFEE8ED6E6B0","True"
"RetreatGateway-20261001","D:\SWTORClassic\swtoremu\Client\Hook\Src\ToR.cpp","57E9C2254FD6034B228CAECD9821E7E036ACC4D6D440D84530A67A71FF8D6D0B","57E9C2254FD6034B228CAECD9821E7E036ACC4D6D440D84530A67A71FF8D6D0B","True"
"RetreatGateway-20261001","D:\SWTORClassic\swtoremu\Client\Hook\Src\TriggerCollisionPrefixes.h","BA3BC063CA70F86C08BA06B62E5DB57C41F7F2DC80A0D984E795B39060E8D976","BA3BC063CA70F86C08BA06B62E5DB57C41F7F2DC80A0D984E795B39060E8D976","True"
"RetreatGateway-20261001","D:\SWTORClassic\swtoremu\Client\Hook\Src\TriggerCollisionTrace.h","4AADF869A63E8CAF7436BD33AD0FFDA65B490C5B7B271CAE86F1B5AB7C260C28","4AADF869A63E8CAF7436BD33AD0FFDA65B490C5B7B271CAE86F1B5AB7C260C28","True"
"RetreatGateway-20261001","D:\SWTORClassic\swtoremu\Diagnostics\CompatibilityLauncher.cpp","74A45BCCA50DAF70773774319B364ADC3F004EAD349387260C135E636E13D615","74A45BCCA50DAF70773774319B364ADC3F004EAD349387260C135E636E13D615","True"
"RetreatGateway-20261001","D:\SWTORClassic\swtoremu\Diagnostics\CompatibilityLauncher.exe","07B64207DC882DCC40E2482F4D4A79AF2C01BD9B63AE0DE2D7ACA0BDA9424B39","07B64207DC882DCC40E2482F4D4A79AF2C01BD9B63AE0DE2D7ACA0BDA9424B39","True"
"RetreatGateway-20261001","D:\SWTORClassic\swtoremu\Diagnostics\GeneratedPhaseCandidate\tython_blockout-4611686019869492753-1.1.acrt","ADC5A0CB3468D827821EED4D6B9773A83624548F34CFE8E38231BC3371A39B3C","ADC5A0CB3468D827821EED4D6B9773A83624548F34CFE8E38231BC3371A39B3C","True"
"RetreatGateway-20261001","D:\SWTORClassic\swtoremu\Diagnostics\GeneratedPhaseCandidate\tython_blockout-4611686019869492753-1.3.acrt","EFE780D0AD25CB7BB14C110B60589A0B76E4EC86C474E910AFEDBC0C45F8CA7D","EFE780D0AD25CB7BB14C110B60589A0B76E4EC86C474E910AFEDBC0C45F8CA7D","True"
"RetreatGateway-20261001","D:\SWTORClassic\swtoremu\Diagnostics\GomCompatibility\ResourceCacheApril2012\scripts\65A4399D0102A007.scpt","76B92E207918FC458B26554264A71A6D78A7EA8DAC29D8AD05F7E3D15AE5A60E","76B92E207918FC458B26554264A71A6D78A7EA8DAC29D8AD05F7E3D15AE5A60E","True"
"RetreatGateway-20261001","D:\SWTORClassic\swtoremu\Diagnostics\GomCompatibility\ResourceCacheApril2012\scripts\9308DE76F6AAF774.scpt","E40D0EC5C65A14BCC5E980720831778318FF1DC7B43C2D9277AFE51365393F1F","E40D0EC5C65A14BCC5E980720831778318FF1DC7B43C2D9277AFE51365393F1F","True"
"RetreatGateway-20261001","D:\SWTORClassic\swtoremu\Diagnostics\GomCompatibility\ResourceCacheApril2012\scripts\C10C1F8290BE3551.scpt","1DFA9168BDBD3A1B5267586B97AB7AEFCA9B5D715015ED43FD2188F849DE1F04","1DFA9168BDBD3A1B5267586B97AB7AEFCA9B5D715015ED43FD2188F849DE1F04","True"
"RetreatGateway-20261001","D:\SWTORClassic\swtoremu\Diagnostics\PhaseFieldExit-20260930\Launch.ps1","9B65EB48E206A50082983DD90E1FE8F087BFD9992DCD806FCA44FBA272694812","9B65EB48E206A50082983DD90E1FE8F087BFD9992DCD806FCA44FBA272694812","True"
"RetreatGateway-20261001","D:\SWTORClassic\swtoremu\Diagnostics\PhaseFieldExit-20260930\Preserve-CurrentLogs.ps1","721A01D2015F3D237D3B206A7599D895932E7849E1B99EB6C1C51C7EDE0E1968","721A01D2015F3D237D3B206A7599D895932E7849E1B99EB6C1C51C7EDE0E1968","True"
"RetreatGateway-20261001","D:\SWTORClassic\swtoremu\Diagnostics\PhaseLifecycle-20260930\Compare-LifecycleCandidates.ps1","634C29FBF91007E2B92747FE1EFC9A73721BD8A5793A972DE4153C86A3B63B7A","634C29FBF91007E2B92747FE1EFC9A73721BD8A5793A972DE4153C86A3B63B7A","True"
"RetreatGateway-20261001","D:\SWTORClassic\swtoremu\Diagnostics\PhaseLifecycle-20260930\Launch-Crt3Off.ps1","4DE0312A0E4D175C445CED559B4BA9879C48400B8D6659D4B48D22699A14AA06","4DE0312A0E4D175C445CED559B4BA9879C48400B8D6659D4B48D22699A14AA06","True"
"RetreatGateway-20261001","D:\SWTORClassic\swtoremu\Diagnostics\PhaseLifecycle-20260930\Launch.ps1","38DC7A9B1A8D4D1F47AEA47BDFC68181D5BACBF51FCF073CB28B556D909BB93C","38DC7A9B1A8D4D1F47AEA47BDFC68181D5BACBF51FCF073CB28B556D909BB93C","True"
"RetreatGateway-20261001","D:\SWTORClassic\swtoremu\Diagnostics\PhaseLifecycle-20260930\Scan-LifecycleDiscovery.ps1","F97CF559AF7C62D40E0B9C25B952E60BDBF7780D0A872CC05A6F1A2286E8B3CB","F97CF559AF7C62D40E0B9C25B952E60BDBF7780D0A872CC05A6F1A2286E8B3CB","True"
"RetreatGateway-20261001","D:\SWTORClassic\swtoremu\Diagnostics\PhaseLifecycle-20260930\Watch-PhaseLifecycle.ps1","3F740E7D8BCC25966D1FFD8302D70676E1F575215E814C773818D734CF4DD67B","3F740E7D8BCC25966D1FFD8302D70676E1F575215E814C773818D734CF4DD67B","True"
"RetreatGateway-20261001","D:\SWTORClassic\swtoremu\Diagnostics\RoomSelection-20260930\Launch.ps1","04A84766B74637119E115A0E9000E2E177481746A320B1835A0E89653CE16C12","04A84766B74637119E115A0E9000E2E177481746A320B1835A0E89653CE16C12","True"
"RetreatGateway-20261001","D:\SWTORClassic\swtoremu\Diagnostics\RoomSelection-20260930\Verify-Prefixes.py","5769ECB2C29EBA4457228BA2470F8E7963EC35DF99126E5026CCB7EA8C599197","5769ECB2C29EBA4457228BA2470F8E7963EC35DF99126E5026CCB7EA8C599197","True"
"RetreatGateway-20261001","D:\SWTORClassic\swtoremu\Diagnostics\Test-PhaseLifecycleDiscovery.ps1","D6AC6165EE2A9AADD53CD54578E0D8782D510FADCC67B2BCF895051CB119462D","D6AC6165EE2A9AADD53CD54578E0D8782D510FADCC67B2BCF895051CB119462D","True"
"RetreatGateway-20261001","D:\SWTORClassic\swtoremu\Diagnostics\Test-PhaseLifecycleReadiness.ps1","8D5B7F68DCE45D88AD4D80AD4600473EF57A891BB21B5F4F27A8F8B8301F5250","8D5B7F68DCE45D88AD4D80AD4600473EF57A891BB21B5F4F27A8F8B8301F5250","True"
"RetreatGateway-20261001","D:\SWTORClassic\swtoremu\Diagnostics\Test-PhaseLifecycleSignatures.ps1","F91E8CA774339B4D90FEAA6F33474B1590740D2D53B0CA6B02869CBA43103A72","F91E8CA774339B4D90FEAA6F33474B1590740D2D53B0CA6B02869CBA43103A72","True"
"RetreatGateway-20261001","D:\SWTORClassic\swtoremu\Diagnostics\TriggerCollision-20260930\Launch.ps1","B3AF4B8108703DEEC0FFB44A6315A2682A03393E8AB0184EE246E7B36B3495C5","B3AF4B8108703DEEC0FFB44A6315A2682A03393E8AB0184EE246E7B36B3495C5","True"
"RetreatGateway-20261001","D:\SWTORClassic\swtoremu\Diagnostics\TriggerCollision-20260930\Preserve-CurrentLogs.ps1","721A01D2015F3D237D3B206A7599D895932E7849E1B99EB6C1C51C7EDE0E1968","721A01D2015F3D237D3B206A7599D895932E7849E1B99EB6C1C51C7EDE0E1968","True"
"RetreatGateway-20261001","D:\SWTORClassic\swtoremu\Diagnostics\TriggerCollision-20260930\Verify-Prefixes.py","6B50A046531F0CF329ACA26E94A18A402BAA31F8102FF3829C8FFBA8EC15C8F1","6B50A046531F0CF329ACA26E94A18A402BAA31F8102FF3829C8FFBA8EC15C8F1","True"
"RetreatGateway-20261001","D:\SWTORClassic\swtoremu\nexusclient\nexusclient\swtor-emu.exe","2B47C25D2937A3DF2BE727A3224A93D748A5CDFA0F629B1A1C4FDCC163FB8494","2B47C25D2937A3DF2BE727A3224A93D748A5CDFA0F629B1A1C4FDCC163FB8494","True"
"RetreatGateway-20261001","D:\SWTORClassic\swtoremu\Run-SWTORClassic-PhaseFieldExit.cmd","8735A702BAF29BAFC87310B50F0C314F915A41940BEC38874B8818145175FEF9","8735A702BAF29BAFC87310B50F0C314F915A41940BEC38874B8818145175FEF9","True"
"RetreatGateway-20261001","D:\SWTORClassic\swtoremu\Run-SWTORClassic-PhaseLifecycle-Crt3Off.cmd","E4AFE6C1328D248768A92336218BFFA2C551F21CB78EBB9D4E4D98DB69545A81","E4AFE6C1328D248768A92336218BFFA2C551F21CB78EBB9D4E4D98DB69545A81","True"
"RetreatGateway-20261001","D:\SWTORClassic\swtoremu\Run-SWTORClassic-PhaseLifecycle.cmd","C9953D80FBFDE448E2AA18FC866B35C42EAB867BEE70A07E66089895DB89B695","C9953D80FBFDE448E2AA18FC866B35C42EAB867BEE70A07E66089895DB89B695","True"
"RetreatGateway-20261001","D:\SWTORClassic\swtoremu\Run-SWTORClassic-RoomSelection.cmd","6689A7EADC4025630659E492021D3B5EF5512B31B668BE66993F76728FFD4B81","6689A7EADC4025630659E492021D3B5EF5512B31B668BE66993F76728FFD4B81","True"
"RetreatGateway-20261001","D:\SWTORClassic\swtoremu\Run-SWTORClassic-Trace-Tython.cmd","05DE93E16305014D0AC5019A083C1092C0D34D5B71E5EDB82BD66F6F2E11A74C","05DE93E16305014D0AC5019A083C1092C0D34D5B71E5EDB82BD66F6F2E11A74C","True"
"RetreatGateway-20261001","D:\SWTORClassic\swtoremu\Run-SWTORClassic-TriggerCollision.cmd","7AF2DE0B71F7EC9B92DB7DF9E1F36E6F710136316364E43A1E524912A72D1373","7AF2DE0B71F7EC9B92DB7DF9E1F36E6F710136316364E43A1E524912A72D1373","True"
"RetreatGateway-20261001","D:\SWTORClassic\swtoremu\SharpServer\AreaServer\PhaseExit.cs","AA6BE8B385F247D493C77F78BB7C2C3CD9C59EDAB11623E6F8672A2729B26D32","AA6BE8B385F247D493C77F78BB7C2C3CD9C59EDAB11623E6F8672A2729B26D32","True"
"RetreatGateway-20261001","D:\SWTORClassic\swtoremu\SharpServer\bin\Debug\NexusToRServer.exe","7D3D3E1691F87F405692C121B7BFF110E3D8B657132172F8DC41C63880D6FD06","79DD1305A3DC3BDE7BBA767EF3249F983768DA9D230F86414696A5971922D5DD","False"
"RetreatGateway-20261001","D:\SWTORClassic\swtoremu\SharpServer\NET\Packets\Client\CMsg61116AD5.cs","DD6AAD3EEA9E41C73236A4E6C7507D6BB36E61818CBB8B1046EC21297F397209","DD6AAD3EEA9E41C73236A4E6C7507D6BB36E61818CBB8B1046EC21297F397209","True"
"RetreatGateway-20261001","D:\SWTORClassic\swtoremu\SharpServer\NET\Packets\Server\AreaReplicationDestroy.cs","E366E7E47FAA7BC33BCE25F6D1FCF1D0391F54A923728EA5A255BB2D0DD3116B","E366E7E47FAA7BC33BCE25F6D1FCF1D0391F54A923728EA5A255BB2D0DD3116B","True"
"RetreatGateway-20261001","D:\SWTORClassic\swtoremu\SharpServer\NET\TORGameServerPacket.cs","6F7C01E231B1F7DE8303B6CF861FDD5521EAA454F4753F38D63465A0A1ABC82F","6F7C01E231B1F7DE8303B6CF861FDD5521EAA454F4753F38D63465A0A1ABC82F","True"
"RetreatGateway-20261001","D:\SWTORClassic\swtoremu\Diagnostics\GomCompatibility\ResourceCacheApril2012\scripts\DE84C79A54362211.scpt","053D8D59B1595A8536D88B7D9335EEB1FE2386F0762E9CB9A69C628DD8902EBD","053D8D59B1595A8536D88B7D9335EEB1FE2386F0762E9CB9A69C628DD8902EBD","True"
"RetreatGateway-20261001","D:\SWTORClassic\swtoremu\Diagnostics\PhaseTransitionAudit-20260930\Prepare-CallbackPrefixes.py","D8267161483B17B0CE91E5D05CD115BCA8C8F34BC48C871AB8CE303BFC68F1DE","D8267161483B17B0CE91E5D05CD115BCA8C8F34BC48C871AB8CE303BFC68F1DE","True"
"RetreatGateway-20261001","D:\SWTORClassic\swtoremu\Diagnostics\SelectedPhaseExit-20260930\Launch.ps1","6EDE3240EDA7DAB84A3EE88BDD71132CC46E8E110DDB8288A7FD81E3E4E7EC3D","6EDE3240EDA7DAB84A3EE88BDD71132CC46E8E110DDB8288A7FD81E3E4E7EC3D","True"
"RetreatGateway-20261001","D:\SWTORClassic\swtoremu\Diagnostics\SelectedPhaseExit-20260930\Preserve-CurrentLogs.ps1","721A01D2015F3D237D3B206A7599D895932E7849E1B99EB6C1C51C7EDE0E1968","721A01D2015F3D237D3B206A7599D895932E7849E1B99EB6C1C51C7EDE0E1968","True"
"RetreatGateway-20261001","D:\SWTORClassic\swtoremu\Run-SWTORClassic-SelectedPhaseExit.cmd","41C779AB196723E8A4FB2D44526F8E6B13F3B5F3AC29573148CBCF7EE70A5CCD","41C779AB196723E8A4FB2D44526F8E6B13F3B5F3AC29573148CBCF7EE70A5CCD","True"
"RetreatGateway-20261001","D:\SWTORClassic\swtoremu\Diagnostics\PhaseTransitionAudit-20260930\Test-CallbackAddress.py","C5BD2B77E7132FD2C8E4C142EAEA3093F823F9354BFB841A39205ADD123F64D2","C5BD2B77E7132FD2C8E4C142EAEA3093F823F9354BFB841A39205ADD123F64D2","True"
"RetreatGateway-20261001","D:\SWTORClassic\swtoremu\Diagnostics\Decode-Style7Replication.py","35374C23256E84A82F0B87A5E00F6FDF85F3407190635D22A412A61AD0854AEC","35374C23256E84A82F0B87A5E00F6FDF85F3407190635D22A412A61AD0854AEC","True"
"RetreatGateway-20261001","D:\SWTORClassic\swtoremu\Diagnostics\PhaseFormat-20260930\Verify-PhaseFormat.py","69CB7ACA2871D7580BBDF237D359764BCF4FC99E5830BDA95C03061F85B339FB","69CB7ACA2871D7580BBDF237D359764BCF4FC99E5830BDA95C03061F85B339FB","True"
"RetreatGateway-20261001","D:\SWTORClassic\swtoremu\Diagnostics\MovementCollision-20260930\Launch.ps1","80A9331290ECDF606F3DF661EE1F1B4E06E031C56532213182064566051F06A4","80A9331290ECDF606F3DF661EE1F1B4E06E031C56532213182064566051F06A4","True"
"RetreatGateway-20261001","D:\SWTORClassic\swtoremu\Diagnostics\MovementCollision-20260930\Preserve-CurrentLogs.ps1","117978194DDDC10D8D4587F1A90008A03B9BBA27EFD6E95C3B8358689A59FD95","117978194DDDC10D8D4587F1A90008A03B9BBA27EFD6E95C3B8358689A59FD95","True"
"RetreatGateway-20261001","D:\SWTORClassic\swtoremu\Run-SWTORClassic-MovementCollision.cmd","3AF665768E1F092902F46FB635BF1D8AF2B145136C8E6FBDE1F790C264E928CB","3AF665768E1F092902F46FB635BF1D8AF2B145136C8E6FBDE1F790C264E928CB","True"
"RetreatGateway-20261001","D:\SWTORClassic\swtoremu\Client\Hook\Src\MovementCollisionTrace.h","2766C6DF34969309744D8E33D90DC58598E56380CBB1DD6E64B4B40DC553D32D","2766C6DF34969309744D8E33D90DC58598E56380CBB1DD6E64B4B40DC553D32D","True"
"RetreatGateway-20261001","D:\SWTORClassic\swtoremu\Client\Hook\Src\MovementCollisionPrefixes.h","62E3FCEEE649B3D975CA02996FC839E8EF8AFE0E50655B3CA4A2EEE32C045F38","62E3FCEEE649B3D975CA02996FC839E8EF8AFE0E50655B3CA4A2EEE32C045F38","True"
"RetreatGateway-20261001","D:\SWTORClassic\swtoremu\Diagnostics\PlayerMovement-20260930\Generate-MovementPrefixes.py","B98B0A0D8A992CBF6B5D21B268F6441F1D134003C733EF14138D4E25CEF8320D","B98B0A0D8A992CBF6B5D21B268F6441F1D134003C733EF14138D4E25CEF8320D","True"
"RetreatGateway-20261001","D:\SWTORClassic\swtoremu\SharpServer\AreaServer\PlayerMovementState.cs","54BCC49627AF56FEDF436F0529330FF12A19EC13984183B754895BE4E314733A","54BCC49627AF56FEDF436F0529330FF12A19EC13984183B754895BE4E314733A","True"
"RetreatGateway-20261001","D:\SWTORClassic\swtoremu\SharpServer\NET\Packets\Server\AreaPlayerMovementUpdate.cs","56B2F64C59D41E91903B84B408D61EE0B466EAB42C969A952DB58DA9FBB4C93D","56B2F64C59D41E91903B84B408D61EE0B466EAB42C969A952DB58DA9FBB4C93D","True"
"RetreatGateway-20261001","D:\SWTORClassic\swtoremu\SharpServer\NET\Packets\Server\AreaAbilityEffectReplication.cs","B0B8177C9F09CC8A2BF450639137F190639BF6FEFA9B464F2035D106D93F91B0","EB8C29EF7C31191C7EDD1F9E83A98D2C001100D15F83D814651B06CBACA2CA59","False"
"RetreatGateway-20261001","D:\SWTORClassic\swtoremu\SharpServer\NexusToRServer.csproj","2E30578C8B8636CC3D32AC9831A463FCCDCB7BE8E818685834E9E482E61EF461","864AD3965DD3ED5094C934BA4C3875942B1387504663F977D52645DAEC102D81","False"
"RetreatGateway-20261001","D:\SWTORClassic\swtoremu\Diagnostics\RetreatGateway-20261001\Launch.ps1","1BE5D03D7FB963E064323BC157ACC94508B317CEAB47CD681691DBCC285837CB","1BE5D03D7FB963E064323BC157ACC94508B317CEAB47CD681691DBCC285837CB","True"
"RetreatGateway-20261001","D:\SWTORClassic\swtoremu\Diagnostics\RetreatGateway-20261001\Preserve-CurrentLogs.ps1","117978194DDDC10D8D4587F1A90008A03B9BBA27EFD6E95C3B8358689A59FD95","117978194DDDC10D8D4587F1A90008A03B9BBA27EFD6E95C3B8358689A59FD95","True"
"RetreatGateway-20261001","D:\SWTORClassic\swtoremu\Run-SWTORClassic-RetreatGateway.cmd","BBA3452E443D83BC75810B4C61EF0BB43AC154B94039C599C2DD2337A3AB4AA8","BBA3452E443D83BC75810B4C61EF0BB43AC154B94039C599C2DD2337A3AB4AA8","True"
"RetreatGateway-20261001","D:\SWTORClassic\swtoremu\SharpServer\AreaServer\RetreatGatewayState.cs","68A25E8BF652976AD19E6FF8B39281C8CAD679CEF4307DA1AE759ADF06CA48AA","68A25E8BF652976AD19E6FF8B39281C8CAD679CEF4307DA1AE759ADF06CA48AA","True"
"TaxiDevelopment-20261001","D:\SWTORClassic\swtoremu\Assets2012April\swtor_main_systemgenerated_gom_1.tor","3CFDD738A2ACCB281B9939D635460667DF9A4387AF42EC9B89AE51D87872653E","3CFDD738A2ACCB281B9939D635460667DF9A4387AF42EC9B89AE51D87872653E","True"
"TaxiDevelopment-20261001","D:\SWTORClassic\swtoremu\Client\Hook\Bin\x86\MemoryMan.dll","1D9E7A3AFCA3BF8CCF8C270852AE91A2C1F577A4E2C3EDDE2C81FB19E5C12FB7","1D9E7A3AFCA3BF8CCF8C270852AE91A2C1F577A4E2C3EDDE2C81FB19E5C12FB7","True"
"TaxiDevelopment-20261001","D:\SWTORClassic\swtoremu\Client\Hook\Src\MovementCollisionPrefixes.h","62E3FCEEE649B3D975CA02996FC839E8EF8AFE0E50655B3CA4A2EEE32C045F38","62E3FCEEE649B3D975CA02996FC839E8EF8AFE0E50655B3CA4A2EEE32C045F38","True"
"TaxiDevelopment-20261001","D:\SWTORClassic\swtoremu\Client\Hook\Src\MovementCollisionTrace.h","2766C6DF34969309744D8E33D90DC58598E56380CBB1DD6E64B4B40DC553D32D","2766C6DF34969309744D8E33D90DC58598E56380CBB1DD6E64B4B40DC553D32D","True"
"TaxiDevelopment-20261001","D:\SWTORClassic\swtoremu\Client\Hook\Src\PhaseUpdatePrefixes.h","2E034AE79950D7764CE295E3B9FA58F3D1CDE7B061333423F9E6CB48BF09CF43","2E034AE79950D7764CE295E3B9FA58F3D1CDE7B061333423F9E6CB48BF09CF43","True"
"TaxiDevelopment-20261001","D:\SWTORClassic\swtoremu\Client\Hook\Src\PhaseUpdateTrace.h","CF1BDF300AE3EF723A28B2449CC3DDF982121A98DD10E295FD6BDCC45F77AD02","CF1BDF300AE3EF723A28B2449CC3DDF982121A98DD10E295FD6BDCC45F77AD02","True"
"TaxiDevelopment-20261001","D:\SWTORClassic\swtoremu\Client\Hook\Src\RoomSelectionTrace.h","27CDF6DA6A5FD6B507ED2FA5F208C8AA1FCE5AEC05D200346546CFEE8ED6E6B0","27CDF6DA6A5FD6B507ED2FA5F208C8AA1FCE5AEC05D200346546CFEE8ED6E6B0","True"
"TaxiDevelopment-20261001","D:\SWTORClassic\swtoremu\Client\Hook\Src\ToR.cpp","57E9C2254FD6034B228CAECD9821E7E036ACC4D6D440D84530A67A71FF8D6D0B","57E9C2254FD6034B228CAECD9821E7E036ACC4D6D440D84530A67A71FF8D6D0B","True"
"TaxiDevelopment-20261001","D:\SWTORClassic\swtoremu\Client\Hook\Src\TriggerCollisionPrefixes.h","BA3BC063CA70F86C08BA06B62E5DB57C41F7F2DC80A0D984E795B39060E8D976","BA3BC063CA70F86C08BA06B62E5DB57C41F7F2DC80A0D984E795B39060E8D976","True"
"TaxiDevelopment-20261001","D:\SWTORClassic\swtoremu\Client\Hook\Src\TriggerCollisionTrace.h","4AADF869A63E8CAF7436BD33AD0FFDA65B490C5B7B271CAE86F1B5AB7C260C28","4AADF869A63E8CAF7436BD33AD0FFDA65B490C5B7B271CAE86F1B5AB7C260C28","True"
"TaxiDevelopment-20261001","D:\SWTORClassic\swtoremu\Diagnostics\CompatibilityLauncher.cpp","74A45BCCA50DAF70773774319B364ADC3F004EAD349387260C135E636E13D615","74A45BCCA50DAF70773774319B364ADC3F004EAD349387260C135E636E13D615","True"
"TaxiDevelopment-20261001","D:\SWTORClassic\swtoremu\Diagnostics\CompatibilityLauncher.exe","07B64207DC882DCC40E2482F4D4A79AF2C01BD9B63AE0DE2D7ACA0BDA9424B39","07B64207DC882DCC40E2482F4D4A79AF2C01BD9B63AE0DE2D7ACA0BDA9424B39","True"
"TaxiDevelopment-20261001","D:\SWTORClassic\swtoremu\Diagnostics\Decode-Style7Replication.py","35374C23256E84A82F0B87A5E00F6FDF85F3407190635D22A412A61AD0854AEC","35374C23256E84A82F0B87A5E00F6FDF85F3407190635D22A412A61AD0854AEC","True"
"TaxiDevelopment-20261001","D:\SWTORClassic\swtoremu\Diagnostics\GeneratedPhaseCandidate\tython_blockout-4611686019869492753-1.1.acrt","ADC5A0CB3468D827821EED4D6B9773A83624548F34CFE8E38231BC3371A39B3C","ADC5A0CB3468D827821EED4D6B9773A83624548F34CFE8E38231BC3371A39B3C","True"
"TaxiDevelopment-20261001","D:\SWTORClassic\swtoremu\Diagnostics\GeneratedPhaseCandidate\tython_blockout-4611686019869492753-1.3.acrt","EFE780D0AD25CB7BB14C110B60589A0B76E4EC86C474E910AFEDBC0C45F8CA7D","EFE780D0AD25CB7BB14C110B60589A0B76E4EC86C474E910AFEDBC0C45F8CA7D","True"
"TaxiDevelopment-20261001","D:\SWTORClassic\swtoremu\Diagnostics\GomCompatibility\ResourceCacheApril2012\scripts\65A4399D0102A007.scpt","76B92E207918FC458B26554264A71A6D78A7EA8DAC29D8AD05F7E3D15AE5A60E","76B92E207918FC458B26554264A71A6D78A7EA8DAC29D8AD05F7E3D15AE5A60E","True"
"TaxiDevelopment-20261001","D:\SWTORClassic\swtoremu\Diagnostics\GomCompatibility\ResourceCacheApril2012\scripts\9308DE76F6AAF774.scpt","E40D0EC5C65A14BCC5E980720831778318FF1DC7B43C2D9277AFE51365393F1F","E40D0EC5C65A14BCC5E980720831778318FF1DC7B43C2D9277AFE51365393F1F","True"
"TaxiDevelopment-20261001","D:\SWTORClassic\swtoremu\Diagnostics\GomCompatibility\ResourceCacheApril2012\scripts\C10C1F8290BE3551.scpt","1DFA9168BDBD3A1B5267586B97AB7AEFCA9B5D715015ED43FD2188F849DE1F04","1DFA9168BDBD3A1B5267586B97AB7AEFCA9B5D715015ED43FD2188F849DE1F04","True"
"TaxiDevelopment-20261001","D:\SWTORClassic\swtoremu\Diagnostics\GomCompatibility\ResourceCacheApril2012\scripts\DE84C79A54362211.scpt","053D8D59B1595A8536D88B7D9335EEB1FE2386F0762E9CB9A69C628DD8902EBD","053D8D59B1595A8536D88B7D9335EEB1FE2386F0762E9CB9A69C628DD8902EBD","True"
"TaxiDevelopment-20261001","D:\SWTORClassic\swtoremu\Diagnostics\MovementCollision-20260930\Launch.ps1","80A9331290ECDF606F3DF661EE1F1B4E06E031C56532213182064566051F06A4","80A9331290ECDF606F3DF661EE1F1B4E06E031C56532213182064566051F06A4","True"
"TaxiDevelopment-20261001","D:\SWTORClassic\swtoremu\Diagnostics\MovementCollision-20260930\Preserve-CurrentLogs.ps1","117978194DDDC10D8D4587F1A90008A03B9BBA27EFD6E95C3B8358689A59FD95","117978194DDDC10D8D4587F1A90008A03B9BBA27EFD6E95C3B8358689A59FD95","True"
"TaxiDevelopment-20261001","D:\SWTORClassic\swtoremu\Diagnostics\PhaseFieldExit-20260930\Launch.ps1","9B65EB48E206A50082983DD90E1FE8F087BFD9992DCD806FCA44FBA272694812","9B65EB48E206A50082983DD90E1FE8F087BFD9992DCD806FCA44FBA272694812","True"
"TaxiDevelopment-20261001","D:\SWTORClassic\swtoremu\Diagnostics\PhaseFieldExit-20260930\Preserve-CurrentLogs.ps1","721A01D2015F3D237D3B206A7599D895932E7849E1B99EB6C1C51C7EDE0E1968","721A01D2015F3D237D3B206A7599D895932E7849E1B99EB6C1C51C7EDE0E1968","True"
"TaxiDevelopment-20261001","D:\SWTORClassic\swtoremu\Diagnostics\PhaseFormat-20260930\Verify-PhaseFormat.py","69CB7ACA2871D7580BBDF237D359764BCF4FC99E5830BDA95C03061F85B339FB","69CB7ACA2871D7580BBDF237D359764BCF4FC99E5830BDA95C03061F85B339FB","True"
"TaxiDevelopment-20261001","D:\SWTORClassic\swtoremu\Diagnostics\PhaseLifecycle-20260930\Compare-LifecycleCandidates.ps1","634C29FBF91007E2B92747FE1EFC9A73721BD8A5793A972DE4153C86A3B63B7A","634C29FBF91007E2B92747FE1EFC9A73721BD8A5793A972DE4153C86A3B63B7A","True"
"TaxiDevelopment-20261001","D:\SWTORClassic\swtoremu\Diagnostics\PhaseLifecycle-20260930\Launch-Crt3Off.ps1","4DE0312A0E4D175C445CED559B4BA9879C48400B8D6659D4B48D22699A14AA06","4DE0312A0E4D175C445CED559B4BA9879C48400B8D6659D4B48D22699A14AA06","True"
"TaxiDevelopment-20261001","D:\SWTORClassic\swtoremu\Diagnostics\PhaseLifecycle-20260930\Launch.ps1","38DC7A9B1A8D4D1F47AEA47BDFC68181D5BACBF51FCF073CB28B556D909BB93C","38DC7A9B1A8D4D1F47AEA47BDFC68181D5BACBF51FCF073CB28B556D909BB93C","True"
"TaxiDevelopment-20261001","D:\SWTORClassic\swtoremu\Diagnostics\PhaseLifecycle-20260930\Scan-LifecycleDiscovery.ps1","F97CF559AF7C62D40E0B9C25B952E60BDBF7780D0A872CC05A6F1A2286E8B3CB","F97CF559AF7C62D40E0B9C25B952E60BDBF7780D0A872CC05A6F1A2286E8B3CB","True"
"TaxiDevelopment-20261001","D:\SWTORClassic\swtoremu\Diagnostics\PhaseLifecycle-20260930\Watch-PhaseLifecycle.ps1","3F740E7D8BCC25966D1FFD8302D70676E1F575215E814C773818D734CF4DD67B","3F740E7D8BCC25966D1FFD8302D70676E1F575215E814C773818D734CF4DD67B","True"
"TaxiDevelopment-20261001","D:\SWTORClassic\swtoremu\Diagnostics\PhaseTransitionAudit-20260930\Prepare-CallbackPrefixes.py","D8267161483B17B0CE91E5D05CD115BCA8C8F34BC48C871AB8CE303BFC68F1DE","D8267161483B17B0CE91E5D05CD115BCA8C8F34BC48C871AB8CE303BFC68F1DE","True"
"TaxiDevelopment-20261001","D:\SWTORClassic\swtoremu\Diagnostics\PhaseTransitionAudit-20260930\Test-CallbackAddress.py","C5BD2B77E7132FD2C8E4C142EAEA3093F823F9354BFB841A39205ADD123F64D2","C5BD2B77E7132FD2C8E4C142EAEA3093F823F9354BFB841A39205ADD123F64D2","True"
"TaxiDevelopment-20261001","D:\SWTORClassic\swtoremu\Diagnostics\PlayerMovement-20260930\Generate-MovementPrefixes.py","B98B0A0D8A992CBF6B5D21B268F6441F1D134003C733EF14138D4E25CEF8320D","B98B0A0D8A992CBF6B5D21B268F6441F1D134003C733EF14138D4E25CEF8320D","True"
"TaxiDevelopment-20261001","D:\SWTORClassic\swtoremu\Diagnostics\RetreatGateway-20261001\Launch.ps1","1BE5D03D7FB963E064323BC157ACC94508B317CEAB47CD681691DBCC285837CB","1BE5D03D7FB963E064323BC157ACC94508B317CEAB47CD681691DBCC285837CB","True"
"TaxiDevelopment-20261001","D:\SWTORClassic\swtoremu\Diagnostics\RetreatGateway-20261001\Preserve-CurrentLogs.ps1","117978194DDDC10D8D4587F1A90008A03B9BBA27EFD6E95C3B8358689A59FD95","117978194DDDC10D8D4587F1A90008A03B9BBA27EFD6E95C3B8358689A59FD95","True"
"TaxiDevelopment-20261001","D:\SWTORClassic\swtoremu\Diagnostics\RoomSelection-20260930\Launch.ps1","04A84766B74637119E115A0E9000E2E177481746A320B1835A0E89653CE16C12","04A84766B74637119E115A0E9000E2E177481746A320B1835A0E89653CE16C12","True"
"TaxiDevelopment-20261001","D:\SWTORClassic\swtoremu\Diagnostics\RoomSelection-20260930\Verify-Prefixes.py","5769ECB2C29EBA4457228BA2470F8E7963EC35DF99126E5026CCB7EA8C599197","5769ECB2C29EBA4457228BA2470F8E7963EC35DF99126E5026CCB7EA8C599197","True"
"TaxiDevelopment-20261001","D:\SWTORClassic\swtoremu\Diagnostics\SelectedPhaseExit-20260930\Launch.ps1","6EDE3240EDA7DAB84A3EE88BDD71132CC46E8E110DDB8288A7FD81E3E4E7EC3D","6EDE3240EDA7DAB84A3EE88BDD71132CC46E8E110DDB8288A7FD81E3E4E7EC3D","True"
"TaxiDevelopment-20261001","D:\SWTORClassic\swtoremu\Diagnostics\SelectedPhaseExit-20260930\Preserve-CurrentLogs.ps1","721A01D2015F3D237D3B206A7599D895932E7849E1B99EB6C1C51C7EDE0E1968","721A01D2015F3D237D3B206A7599D895932E7849E1B99EB6C1C51C7EDE0E1968","True"
"TaxiDevelopment-20261001","D:\SWTORClassic\swtoremu\Diagnostics\TaxiDevelopment-20261001\awareness-19.bin","D1A40EA6BEA8F900D543AB41445E22F55C78AEA9CFB64F79E91D6FD2BC51B727","D1A40EA6BEA8F900D543AB41445E22F55C78AEA9CFB64F79E91D6FD2BC51B727","True"
"TaxiDevelopment-20261001","D:\SWTORClassic\swtoremu\Diagnostics\TaxiDevelopment-20261001\awareness-8.bin","471AA9047F3578803F364E20662C0CEB27219B4B4AEC61AD6F33EB02D056D3D9","471AA9047F3578803F364E20662C0CEB27219B4B4AEC61AD6F33EB02D056D3D9","True"
"TaxiDevelopment-20261001","D:\SWTORClassic\swtoremu\Diagnostics\TaxiDevelopment-20261001\clear-19.bin","7B97F12CC424073E8CC3E7CE3289E26F35FDCB06B292CAAF33B901F40F6692F1","7B97F12CC424073E8CC3E7CE3289E26F35FDCB06B292CAAF33B901F40F6692F1","True"
"TaxiDevelopment-20261001","D:\SWTORClassic\swtoremu\Diagnostics\TaxiDevelopment-20261001\clear-8.bin","554A8E7C95402922ED4FB5BB35943557F8A9020CF61E0E3080E092CA928C96C4","554A8E7C95402922ED4FB5BB35943557F8A9020CF61E0E3080E092CA928C96C4","True"
"TaxiDevelopment-20261001","D:\SWTORClassic\swtoremu\Diagnostics\TaxiDevelopment-20261001\fixture.json","600BF6DB244B630FA063D1664C1BDB64641A92417FEBB8532F16D3086455EB02","600BF6DB244B630FA063D1664C1BDB64641A92417FEBB8532F16D3086455EB02","True"
"TaxiDevelopment-20261001","D:\SWTORClassic\swtoremu\Diagnostics\TaxiDevelopment-20261001\Generate-Taxi.py","26A32B4626BDA7C56CAD235901A3DD570513E055B82C936261D2BD231E22291B","26A32B4626BDA7C56CAD235901A3DD570513E055B82C936261D2BD231E22291B","True"
"TaxiDevelopment-20261001","D:\SWTORClassic\swtoremu\Diagnostics\TaxiDevelopment-20261001\Inspect-Awareness.py","FE4EC500671E3D47767658C5AB02169BDD57B9F0D506302500425A22ECEAF976","FE4EC500671E3D47767658C5AB02169BDD57B9F0D506302500425A22ECEAF976","True"
"TaxiDevelopment-20261001","D:\SWTORClassic\swtoremu\Diagnostics\TaxiDevelopment-20261001\known-19.bin","2AA53197D21DDADD3FE57304C3DA30FE33750D8502AD2524E214B7C3054A260D","2AA53197D21DDADD3FE57304C3DA30FE33750D8502AD2524E214B7C3054A260D","True"
"TaxiDevelopment-20261001","D:\SWTORClassic\swtoremu\Diagnostics\TaxiDevelopment-20261001\known-8.bin","27C7308261C07FB4E1E12B65456F211DF4F18E9B44F1FD5798430B8C38AE14F2","27C7308261C07FB4E1E12B65456F211DF4F18E9B44F1FD5798430B8C38AE14F2","True"
"TaxiDevelopment-20261001","D:\SWTORClassic\swtoremu\Diagnostics\TaxiDevelopment-20261001\Launch.ps1","6B9EA68736E15F81BF866130B421C6B85FD0297DF22728070A0E706D09663B4F","6B9EA68736E15F81BF866130B421C6B85FD0297DF22728070A0E706D09663B4F","True"
"TaxiDevelopment-20261001","D:\SWTORClassic\swtoremu\Diagnostics\TaxiDevelopment-20261001\open-19.bin","F3548981AD9D8B9BB3E0B26D6CB157D4E7C3AEDFAA42D761536A2C5DBAA489BF","F3548981AD9D8B9BB3E0B26D6CB157D4E7C3AEDFAA42D761536A2C5DBAA489BF","True"
"TaxiDevelopment-20261001","D:\SWTORClassic\swtoremu\Diagnostics\TaxiDevelopment-20261001\open-8.bin","54296DFF29EBBA0DB4AA57821518C0C0223C74381FBF78B31FE69D1D3E64BED8","54296DFF29EBBA0DB4AA57821518C0C0223C74381FBF78B31FE69D1D3E64BED8","True"
"TaxiDevelopment-20261001","D:\SWTORClassic\swtoremu\Diagnostics\TaxiDevelopment-20261001\Preserve-CurrentLogs.ps1","117978194DDDC10D8D4587F1A90008A03B9BBA27EFD6E95C3B8358689A59FD95","117978194DDDC10D8D4587F1A90008A03B9BBA27EFD6E95C3B8358689A59FD95","True"
"TaxiDevelopment-20261001","D:\SWTORClassic\swtoremu\Diagnostics\TaxiDevelopment-20261001\taxi-content.txt","231B5D8580F9EF777CC05B900C89D46CE111D72F5D2582276CF3F3DD8E3E353E","231B5D8580F9EF777CC05B900C89D46CE111D72F5D2582276CF3F3DD8E3E353E","True"
"TaxiDevelopment-20261001","D:\SWTORClassic\swtoremu\Diagnostics\TaxiDevelopment-20261001\Test-Taxi.ps1","A2FEEF118D4ECC3EC83C9210D1D0928B8B42D4AF42D54E3466D454231420F012","A2FEEF118D4ECC3EC83C9210D1D0928B8B42D4AF42D54E3466D454231420F012","True"
"TaxiDevelopment-20261001","D:\SWTORClassic\swtoremu\Diagnostics\TaxiDevelopment-20261001\Verify-Taxi.py","EF182D86AAE53C1714DCCA0EC94BF639DDE68578085B809A908C90FB04234048","EF182D86AAE53C1714DCCA0EC94BF639DDE68578085B809A908C90FB04234048","True"
"TaxiDevelopment-20261001","D:\SWTORClassic\swtoremu\Diagnostics\Test-PhaseLifecycleDiscovery.ps1","D6AC6165EE2A9AADD53CD54578E0D8782D510FADCC67B2BCF895051CB119462D","D6AC6165EE2A9AADD53CD54578E0D8782D510FADCC67B2BCF895051CB119462D","True"
"TaxiDevelopment-20261001","D:\SWTORClassic\swtoremu\Diagnostics\Test-PhaseLifecycleReadiness.ps1","8D5B7F68DCE45D88AD4D80AD4600473EF57A891BB21B5F4F27A8F8B8301F5250","8D5B7F68DCE45D88AD4D80AD4600473EF57A891BB21B5F4F27A8F8B8301F5250","True"
"TaxiDevelopment-20261001","D:\SWTORClassic\swtoremu\Diagnostics\Test-PhaseLifecycleSignatures.ps1","F91E8CA774339B4D90FEAA6F33474B1590740D2D53B0CA6B02869CBA43103A72","F91E8CA774339B4D90FEAA6F33474B1590740D2D53B0CA6B02869CBA43103A72","True"
"TaxiDevelopment-20261001","D:\SWTORClassic\swtoremu\Diagnostics\TriggerCollision-20260930\Launch.ps1","B3AF4B8108703DEEC0FFB44A6315A2682A03393E8AB0184EE246E7B36B3495C5","B3AF4B8108703DEEC0FFB44A6315A2682A03393E8AB0184EE246E7B36B3495C5","True"
"TaxiDevelopment-20261001","D:\SWTORClassic\swtoremu\Diagnostics\TriggerCollision-20260930\Preserve-CurrentLogs.ps1","721A01D2015F3D237D3B206A7599D895932E7849E1B99EB6C1C51C7EDE0E1968","721A01D2015F3D237D3B206A7599D895932E7849E1B99EB6C1C51C7EDE0E1968","True"
"TaxiDevelopment-20261001","D:\SWTORClassic\swtoremu\Diagnostics\TriggerCollision-20260930\Verify-Prefixes.py","6B50A046531F0CF329ACA26E94A18A402BAA31F8102FF3829C8FFBA8EC15C8F1","6B50A046531F0CF329ACA26E94A18A402BAA31F8102FF3829C8FFBA8EC15C8F1","True"
"TaxiDevelopment-20261001","D:\SWTORClassic\swtoremu\nexusclient\nexusclient\swtor-emu.exe","2B47C25D2937A3DF2BE727A3224A93D748A5CDFA0F629B1A1C4FDCC163FB8494","2B47C25D2937A3DF2BE727A3224A93D748A5CDFA0F629B1A1C4FDCC163FB8494","True"
"TaxiDevelopment-20261001","D:\SWTORClassic\swtoremu\Run-SWTORClassic-MovementCollision.cmd","3AF665768E1F092902F46FB635BF1D8AF2B145136C8E6FBDE1F790C264E928CB","3AF665768E1F092902F46FB635BF1D8AF2B145136C8E6FBDE1F790C264E928CB","True"
"TaxiDevelopment-20261001","D:\SWTORClassic\swtoremu\Run-SWTORClassic-PhaseFieldExit.cmd","8735A702BAF29BAFC87310B50F0C314F915A41940BEC38874B8818145175FEF9","8735A702BAF29BAFC87310B50F0C314F915A41940BEC38874B8818145175FEF9","True"
"TaxiDevelopment-20261001","D:\SWTORClassic\swtoremu\Run-SWTORClassic-PhaseLifecycle-Crt3Off.cmd","E4AFE6C1328D248768A92336218BFFA2C551F21CB78EBB9D4E4D98DB69545A81","E4AFE6C1328D248768A92336218BFFA2C551F21CB78EBB9D4E4D98DB69545A81","True"
"TaxiDevelopment-20261001","D:\SWTORClassic\swtoremu\Run-SWTORClassic-PhaseLifecycle.cmd","C9953D80FBFDE448E2AA18FC866B35C42EAB867BEE70A07E66089895DB89B695","C9953D80FBFDE448E2AA18FC866B35C42EAB867BEE70A07E66089895DB89B695","True"
"TaxiDevelopment-20261001","D:\SWTORClassic\swtoremu\Run-SWTORClassic-RetreatGateway.cmd","BBA3452E443D83BC75810B4C61EF0BB43AC154B94039C599C2DD2337A3AB4AA8","BBA3452E443D83BC75810B4C61EF0BB43AC154B94039C599C2DD2337A3AB4AA8","True"
"TaxiDevelopment-20261001","D:\SWTORClassic\swtoremu\Run-SWTORClassic-RoomSelection.cmd","6689A7EADC4025630659E492021D3B5EF5512B31B668BE66993F76728FFD4B81","6689A7EADC4025630659E492021D3B5EF5512B31B668BE66993F76728FFD4B81","True"
"TaxiDevelopment-20261001","D:\SWTORClassic\swtoremu\Run-SWTORClassic-SelectedPhaseExit.cmd","41C779AB196723E8A4FB2D44526F8E6B13F3B5F3AC29573148CBCF7EE70A5CCD","41C779AB196723E8A4FB2D44526F8E6B13F3B5F3AC29573148CBCF7EE70A5CCD","True"
"TaxiDevelopment-20261001","D:\SWTORClassic\swtoremu\Run-SWTORClassic-Trace-Tython.cmd","05DE93E16305014D0AC5019A083C1092C0D34D5B71E5EDB82BD66F6F2E11A74C","05DE93E16305014D0AC5019A083C1092C0D34D5B71E5EDB82BD66F6F2E11A74C","True"
"TaxiDevelopment-20261001","D:\SWTORClassic\swtoremu\Run-SWTORClassic-TriggerCollision.cmd","7AF2DE0B71F7EC9B92DB7DF9E1F36E6F710136316364E43A1E524912A72D1373","7AF2DE0B71F7EC9B92DB7DF9E1F36E6F710136316364E43A1E524912A72D1373","True"
"TaxiDevelopment-20261001","D:\SWTORClassic\swtoremu\SharpServer\AreaServer\PhaseExit.cs","AA6BE8B385F247D493C77F78BB7C2C3CD9C59EDAB11623E6F8672A2729B26D32","AA6BE8B385F247D493C77F78BB7C2C3CD9C59EDAB11623E6F8672A2729B26D32","True"
"TaxiDevelopment-20261001","D:\SWTORClassic\swtoremu\SharpServer\AreaServer\PlayerMovementState.cs","54BCC49627AF56FEDF436F0529330FF12A19EC13984183B754895BE4E314733A","54BCC49627AF56FEDF436F0529330FF12A19EC13984183B754895BE4E314733A","True"
"TaxiDevelopment-20261001","D:\SWTORClassic\swtoremu\SharpServer\AreaServer\RetreatGatewayState.cs","68A25E8BF652976AD19E6FF8B39281C8CAD679CEF4307DA1AE759ADF06CA48AA","68A25E8BF652976AD19E6FF8B39281C8CAD679CEF4307DA1AE759ADF06CA48AA","True"
"TaxiDevelopment-20261001","D:\SWTORClassic\swtoremu\SharpServer\AreaServer\TaxiNpc.bin","7F98AA2F0CD596D26AC2FC0D45E088D54B57783D62E1F12BD870B9C621405F39","7F98AA2F0CD596D26AC2FC0D45E088D54B57783D62E1F12BD870B9C621405F39","True"
"TaxiDevelopment-20261001","D:\SWTORClassic\swtoremu\SharpServer\AreaServer\TaxiRecord1.bin","DBAB420D0FE121DE6F2F3BE984AC286D06061C6D6EDFF1D0FF67F60529F9ABE8","DBAB420D0FE121DE6F2F3BE984AC286D06061C6D6EDFF1D0FF67F60529F9ABE8","True"
"TaxiDevelopment-20261001","D:\SWTORClassic\swtoremu\SharpServer\AreaServer\TaxiClone.bin","50EC661E1854158405AC7FB791312BEA60A84D86CB6A2687FE6C7270CF403A1A","50EC661E1854158405AC7FB791312BEA60A84D86CB6A2687FE6C7270CF403A1A","True"
"TaxiDevelopment-20261001","D:\SWTORClassic\swtoremu\SharpServer\AreaServer\TythonTaxi.cs","B95B7B97B1F31361D95523EAC7A9ECB4ECA56E4D3823CD036853B1647FF0C85C","B95B7B97B1F31361D95523EAC7A9ECB4ECA56E4D3823CD036853B1647FF0C85C","True"
"TaxiDevelopment-20261001","D:\SWTORClassic\swtoremu\SharpServer\AreaServer\WellerConversation.cs","D7D8475621013E3759A8CC59734E22B9E0D4D9F2F565DDC90579925192CF0ADD","D7D8475621013E3759A8CC59734E22B9E0D4D9F2F565DDC90579925192CF0ADD","True"
"TaxiDevelopment-20261001","D:\SWTORClassic\swtoremu\SharpServer\bin\Debug\NexusToRServer.exe","79DD1305A3DC3BDE7BBA767EF3249F983768DA9D230F86414696A5971922D5DD","79DD1305A3DC3BDE7BBA767EF3249F983768DA9D230F86414696A5971922D5DD","True"
"TaxiDevelopment-20261001","D:\SWTORClassic\swtoremu\SharpServer\NET\Packets\Client\CMsg61116AD5.cs","DD6AAD3EEA9E41C73236A4E6C7507D6BB36E61818CBB8B1046EC21297F397209","DD6AAD3EEA9E41C73236A4E6C7507D6BB36E61818CBB8B1046EC21297F397209","True"
"TaxiDevelopment-20261001","D:\SWTORClassic\swtoremu\SharpServer\NET\Packets\Client\CMsgF96DCDB0.cs","71184FC39329C17CC1963ACF7CCAD7229B29BA2B1D90603B994913A9048886C4","71184FC39329C17CC1963ACF7CCAD7229B29BA2B1D90603B994913A9048886C4","True"
"TaxiDevelopment-20261001","D:\SWTORClassic\swtoremu\SharpServer\NET\Packets\Server\AreaAbilityEffectReplication.cs","EB8C29EF7C31191C7EDD1F9E83A98D2C001100D15F83D814651B06CBACA2CA59","EB8C29EF7C31191C7EDD1F9E83A98D2C001100D15F83D814651B06CBACA2CA59","True"
"TaxiDevelopment-20261001","D:\SWTORClassic\swtoremu\SharpServer\NET\Packets\Server\AreaPlayerMovementUpdate.cs","56B2F64C59D41E91903B84B408D61EE0B466EAB42C969A952DB58DA9FBB4C93D","56B2F64C59D41E91903B84B408D61EE0B466EAB42C969A952DB58DA9FBB4C93D","True"
"TaxiDevelopment-20261001","D:\SWTORClassic\swtoremu\SharpServer\NET\Packets\Server\AreaReplicationDestroy.cs","E366E7E47FAA7BC33BCE25F6D1FCF1D0391F54A923728EA5A255BB2D0DD3116B","E366E7E47FAA7BC33BCE25F6D1FCF1D0391F54A923728EA5A255BB2D0DD3116B","True"
"TaxiDevelopment-20261001","D:\SWTORClassic\swtoremu\SharpServer\NET\Packets\Server\AreaStartupBundle.cs","26F2226FC9B6234925A9447153E06767D4DFCAAADF06E4A1A0485DC43A1A5EE4","26F2226FC9B6234925A9447153E06767D4DFCAAADF06E4A1A0485DC43A1A5EE4","True"
"TaxiDevelopment-20261001","D:\SWTORClassic\swtoremu\SharpServer\NET\Packets\Server\AreaTaxiAwareness.cs","0CF08D6765D71E6A4EDFFC643DCFA4164AB83D8573C1BF7A3EB41236A3567A5A","0CF08D6765D71E6A4EDFFC643DCFA4164AB83D8573C1BF7A3EB41236A3567A5A","True"
"TaxiDevelopment-20261001","D:\SWTORClassic\swtoremu\SharpServer\NET\Packets\Server\AreaMergedAwareness.cs","26BEFF14DC7BC17AFAA2A1F343CD2EB113A084A3294BBF5511B1C30D5F12BE36","26BEFF14DC7BC17AFAA2A1F343CD2EB113A084A3294BBF5511B1C30D5F12BE36","True"
"TaxiDevelopment-20261001","D:\SWTORClassic\swtoremu\SharpServer\NET\Packets\Server\AreaTaxiCloneAwareness.cs","273E377D94324F6A35D9ACD700A7B5CC79D7360E57F6454EAA2F759447A5C236","273E377D94324F6A35D9ACD700A7B5CC79D7360E57F6454EAA2F759447A5C236","True"
"TaxiDevelopment-20261001","D:\SWTORClassic\swtoremu\SharpServer\NET\Packets\Server\AreaTaxiInteraction.cs","0A3B692BBB087807052BE2192D875BAB22B9D6480053980B305A6F06AFC8BC9B","0A3B692BBB087807052BE2192D875BAB22B9D6480053980B305A6F06AFC8BC9B","True"
"TaxiDevelopment-20261001","D:\SWTORClassic\swtoremu\SharpServer\NET\Packets\Server\AreaWellerConversation.cs","948FC16B2B763C3539082E3C6005E1C5FEACBE9CDF8AC2302525575C8D60BE8B","948FC16B2B763C3539082E3C6005E1C5FEACBE9CDF8AC2302525575C8D60BE8B","True"
"TaxiDevelopment-20261001","D:\SWTORClassic\swtoremu\SharpServer\NET\TORGameServerPacket.cs","6F7C01E231B1F7DE8303B6CF861FDD5521EAA454F4753F38D63465A0A1ABC82F","6F7C01E231B1F7DE8303B6CF861FDD5521EAA454F4753F38D63465A0A1ABC82F","True"
"TaxiDevelopment-20261001","D:\SWTORClassic\swtoremu\SharpServer\NexusToRServer.csproj","864AD3965DD3ED5094C934BA4C3875942B1387504663F977D52645DAEC102D81","864AD3965DD3ED5094C934BA4C3875942B1387504663F977D52645DAEC102D81","True"
"TaxiDevelopment-20261001","D:\SWTORClassic\swtoremu\Run-SWTORClassic-Taxi.cmd","6D7CD2464C9B62593A561547F01E7FA28EF94A448F946F6CE54E657E46BB0ABC","6D7CD2464C9B62593A561547F01E7FA28EF94A448F946F6CE54E657E46BB0ABC","True"
"TaxiDevelopment-20261001","D:\SWTORClassic\swtoremu\Diagnostics\TaxiDevelopment-20261001\AUDIT.md","133845A9F2271155387CB3C4E70BE08888904F0BAC5983575EE9363F90DB1A43","133845A9F2271155387CB3C4E70BE08888904F0BAC5983575EE9363F90DB1A43","True"
"TaxiDevelopment-20261001","D:\SWTORClassic\swtoremu\Diagnostics\Experiments\2026-10-01-04-tython-taxi-npc-and-travel-map.md","0E76107F15477244466D4CDAD5309E8EFA8143F38C7FAACE63BC76BE1E2C6788","0E76107F15477244466D4CDAD5309E8EFA8143F38C7FAACE63BC76BE1E2C6788","True"
"WellerStory-20261001","D:\SWTORClassic\swtoremu\Assets2012April\swtor_main_systemgenerated_gom_1.tor","3CFDD738A2ACCB281B9939D635460667DF9A4387AF42EC9B89AE51D87872653E","3CFDD738A2ACCB281B9939D635460667DF9A4387AF42EC9B89AE51D87872653E","True"
"WellerStory-20261001","D:\SWTORClassic\swtoremu\Client\Hook\Bin\x86\MemoryMan.dll","1D9E7A3AFCA3BF8CCF8C270852AE91A2C1F577A4E2C3EDDE2C81FB19E5C12FB7","1D9E7A3AFCA3BF8CCF8C270852AE91A2C1F577A4E2C3EDDE2C81FB19E5C12FB7","True"
"WellerStory-20261001","D:\SWTORClassic\swtoremu\Client\Hook\Src\MovementCollisionPrefixes.h","62E3FCEEE649B3D975CA02996FC839E8EF8AFE0E50655B3CA4A2EEE32C045F38","62E3FCEEE649B3D975CA02996FC839E8EF8AFE0E50655B3CA4A2EEE32C045F38","True"
"WellerStory-20261001","D:\SWTORClassic\swtoremu\Client\Hook\Src\MovementCollisionTrace.h","2766C6DF34969309744D8E33D90DC58598E56380CBB1DD6E64B4B40DC553D32D","2766C6DF34969309744D8E33D90DC58598E56380CBB1DD6E64B4B40DC553D32D","True"
"WellerStory-20261001","D:\SWTORClassic\swtoremu\Client\Hook\Src\PhaseUpdatePrefixes.h","2E034AE79950D7764CE295E3B9FA58F3D1CDE7B061333423F9E6CB48BF09CF43","2E034AE79950D7764CE295E3B9FA58F3D1CDE7B061333423F9E6CB48BF09CF43","True"
"WellerStory-20261001","D:\SWTORClassic\swtoremu\Client\Hook\Src\PhaseUpdateTrace.h","CF1BDF300AE3EF723A28B2449CC3DDF982121A98DD10E295FD6BDCC45F77AD02","CF1BDF300AE3EF723A28B2449CC3DDF982121A98DD10E295FD6BDCC45F77AD02","True"
"WellerStory-20261001","D:\SWTORClassic\swtoremu\Client\Hook\Src\RoomSelectionTrace.h","27CDF6DA6A5FD6B507ED2FA5F208C8AA1FCE5AEC05D200346546CFEE8ED6E6B0","27CDF6DA6A5FD6B507ED2FA5F208C8AA1FCE5AEC05D200346546CFEE8ED6E6B0","True"
"WellerStory-20261001","D:\SWTORClassic\swtoremu\Client\Hook\Src\ToR.cpp","57E9C2254FD6034B228CAECD9821E7E036ACC4D6D440D84530A67A71FF8D6D0B","57E9C2254FD6034B228CAECD9821E7E036ACC4D6D440D84530A67A71FF8D6D0B","True"
"WellerStory-20261001","D:\SWTORClassic\swtoremu\Client\Hook\Src\TriggerCollisionPrefixes.h","BA3BC063CA70F86C08BA06B62E5DB57C41F7F2DC80A0D984E795B39060E8D976","BA3BC063CA70F86C08BA06B62E5DB57C41F7F2DC80A0D984E795B39060E8D976","True"
"WellerStory-20261001","D:\SWTORClassic\swtoremu\Client\Hook\Src\TriggerCollisionTrace.h","4AADF869A63E8CAF7436BD33AD0FFDA65B490C5B7B271CAE86F1B5AB7C260C28","4AADF869A63E8CAF7436BD33AD0FFDA65B490C5B7B271CAE86F1B5AB7C260C28","True"
"WellerStory-20261001","D:\SWTORClassic\swtoremu\Diagnostics\CompatibilityLauncher.cpp","74A45BCCA50DAF70773774319B364ADC3F004EAD349387260C135E636E13D615","74A45BCCA50DAF70773774319B364ADC3F004EAD349387260C135E636E13D615","True"
"WellerStory-20261001","D:\SWTORClassic\swtoremu\Diagnostics\CompatibilityLauncher.exe","07B64207DC882DCC40E2482F4D4A79AF2C01BD9B63AE0DE2D7ACA0BDA9424B39","07B64207DC882DCC40E2482F4D4A79AF2C01BD9B63AE0DE2D7ACA0BDA9424B39","True"
"WellerStory-20261001","D:\SWTORClassic\swtoremu\Diagnostics\Decode-Style7Replication.py","35374C23256E84A82F0B87A5E00F6FDF85F3407190635D22A412A61AD0854AEC","35374C23256E84A82F0B87A5E00F6FDF85F3407190635D22A412A61AD0854AEC","True"
"WellerStory-20261001","D:\SWTORClassic\swtoremu\Diagnostics\GeneratedPhaseCandidate\tython_blockout-4611686019869492753-1.1.acrt","ADC5A0CB3468D827821EED4D6B9773A83624548F34CFE8E38231BC3371A39B3C","ADC5A0CB3468D827821EED4D6B9773A83624548F34CFE8E38231BC3371A39B3C","True"
"WellerStory-20261001","D:\SWTORClassic\swtoremu\Diagnostics\GeneratedPhaseCandidate\tython_blockout-4611686019869492753-1.3.acrt","EFE780D0AD25CB7BB14C110B60589A0B76E4EC86C474E910AFEDBC0C45F8CA7D","EFE780D0AD25CB7BB14C110B60589A0B76E4EC86C474E910AFEDBC0C45F8CA7D","True"
"WellerStory-20261001","D:\SWTORClassic\swtoremu\Diagnostics\GomCompatibility\ResourceCacheApril2012\scripts\65A4399D0102A007.scpt","76B92E207918FC458B26554264A71A6D78A7EA8DAC29D8AD05F7E3D15AE5A60E","76B92E207918FC458B26554264A71A6D78A7EA8DAC29D8AD05F7E3D15AE5A60E","True"
"WellerStory-20261001","D:\SWTORClassic\swtoremu\Diagnostics\GomCompatibility\ResourceCacheApril2012\scripts\9308DE76F6AAF774.scpt","E40D0EC5C65A14BCC5E980720831778318FF1DC7B43C2D9277AFE51365393F1F","E40D0EC5C65A14BCC5E980720831778318FF1DC7B43C2D9277AFE51365393F1F","True"
"WellerStory-20261001","D:\SWTORClassic\swtoremu\Diagnostics\GomCompatibility\ResourceCacheApril2012\scripts\C10C1F8290BE3551.scpt","1DFA9168BDBD3A1B5267586B97AB7AEFCA9B5D715015ED43FD2188F849DE1F04","1DFA9168BDBD3A1B5267586B97AB7AEFCA9B5D715015ED43FD2188F849DE1F04","True"
"WellerStory-20261001","D:\SWTORClassic\swtoremu\Diagnostics\GomCompatibility\ResourceCacheApril2012\scripts\DE84C79A54362211.scpt","053D8D59B1595A8536D88B7D9335EEB1FE2386F0762E9CB9A69C628DD8902EBD","053D8D59B1595A8536D88B7D9335EEB1FE2386F0762E9CB9A69C628DD8902EBD","True"
"WellerStory-20261001","D:\SWTORClassic\swtoremu\Diagnostics\MovementCollision-20260930\Launch.ps1","80A9331290ECDF606F3DF661EE1F1B4E06E031C56532213182064566051F06A4","80A9331290ECDF606F3DF661EE1F1B4E06E031C56532213182064566051F06A4","True"
"WellerStory-20261001","D:\SWTORClassic\swtoremu\Diagnostics\MovementCollision-20260930\Preserve-CurrentLogs.ps1","117978194DDDC10D8D4587F1A90008A03B9BBA27EFD6E95C3B8358689A59FD95","117978194DDDC10D8D4587F1A90008A03B9BBA27EFD6E95C3B8358689A59FD95","True"
"WellerStory-20261001","D:\SWTORClassic\swtoremu\Diagnostics\PhaseFieldExit-20260930\Launch.ps1","9B65EB48E206A50082983DD90E1FE8F087BFD9992DCD806FCA44FBA272694812","9B65EB48E206A50082983DD90E1FE8F087BFD9992DCD806FCA44FBA272694812","True"
"WellerStory-20261001","D:\SWTORClassic\swtoremu\Diagnostics\PhaseFieldExit-20260930\Preserve-CurrentLogs.ps1","721A01D2015F3D237D3B206A7599D895932E7849E1B99EB6C1C51C7EDE0E1968","721A01D2015F3D237D3B206A7599D895932E7849E1B99EB6C1C51C7EDE0E1968","True"
"WellerStory-20261001","D:\SWTORClassic\swtoremu\Diagnostics\PhaseFormat-20260930\Verify-PhaseFormat.py","69CB7ACA2871D7580BBDF237D359764BCF4FC99E5830BDA95C03061F85B339FB","69CB7ACA2871D7580BBDF237D359764BCF4FC99E5830BDA95C03061F85B339FB","True"
"WellerStory-20261001","D:\SWTORClassic\swtoremu\Diagnostics\PhaseLifecycle-20260930\Compare-LifecycleCandidates.ps1","634C29FBF91007E2B92747FE1EFC9A73721BD8A5793A972DE4153C86A3B63B7A","634C29FBF91007E2B92747FE1EFC9A73721BD8A5793A972DE4153C86A3B63B7A","True"
"WellerStory-20261001","D:\SWTORClassic\swtoremu\Diagnostics\PhaseLifecycle-20260930\Launch-Crt3Off.ps1","4DE0312A0E4D175C445CED559B4BA9879C48400B8D6659D4B48D22699A14AA06","4DE0312A0E4D175C445CED559B4BA9879C48400B8D6659D4B48D22699A14AA06","True"
"WellerStory-20261001","D:\SWTORClassic\swtoremu\Diagnostics\PhaseLifecycle-20260930\Launch.ps1","38DC7A9B1A8D4D1F47AEA47BDFC68181D5BACBF51FCF073CB28B556D909BB93C","38DC7A9B1A8D4D1F47AEA47BDFC68181D5BACBF51FCF073CB28B556D909BB93C","True"
"WellerStory-20261001","D:\SWTORClassic\swtoremu\Diagnostics\PhaseLifecycle-20260930\Scan-LifecycleDiscovery.ps1","F97CF559AF7C62D40E0B9C25B952E60BDBF7780D0A872CC05A6F1A2286E8B3CB","F97CF559AF7C62D40E0B9C25B952E60BDBF7780D0A872CC05A6F1A2286E8B3CB","True"
"WellerStory-20261001","D:\SWTORClassic\swtoremu\Diagnostics\PhaseLifecycle-20260930\Watch-PhaseLifecycle.ps1","3F740E7D8BCC25966D1FFD8302D70676E1F575215E814C773818D734CF4DD67B","3F740E7D8BCC25966D1FFD8302D70676E1F575215E814C773818D734CF4DD67B","True"
"WellerStory-20261001","D:\SWTORClassic\swtoremu\Diagnostics\PhaseTransitionAudit-20260930\Prepare-CallbackPrefixes.py","D8267161483B17B0CE91E5D05CD115BCA8C8F34BC48C871AB8CE303BFC68F1DE","D8267161483B17B0CE91E5D05CD115BCA8C8F34BC48C871AB8CE303BFC68F1DE","True"
"WellerStory-20261001","D:\SWTORClassic\swtoremu\Diagnostics\PhaseTransitionAudit-20260930\Test-CallbackAddress.py","C5BD2B77E7132FD2C8E4C142EAEA3093F823F9354BFB841A39205ADD123F64D2","C5BD2B77E7132FD2C8E4C142EAEA3093F823F9354BFB841A39205ADD123F64D2","True"
"WellerStory-20261001","D:\SWTORClassic\swtoremu\Diagnostics\PlayerMovement-20260930\Generate-MovementPrefixes.py","B98B0A0D8A992CBF6B5D21B268F6441F1D134003C733EF14138D4E25CEF8320D","B98B0A0D8A992CBF6B5D21B268F6441F1D134003C733EF14138D4E25CEF8320D","True"
"WellerStory-20261001","D:\SWTORClassic\swtoremu\Diagnostics\RetreatGateway-20261001\Launch.ps1","1BE5D03D7FB963E064323BC157ACC94508B317CEAB47CD681691DBCC285837CB","1BE5D03D7FB963E064323BC157ACC94508B317CEAB47CD681691DBCC285837CB","True"
"WellerStory-20261001","D:\SWTORClassic\swtoremu\Diagnostics\RetreatGateway-20261001\Preserve-CurrentLogs.ps1","117978194DDDC10D8D4587F1A90008A03B9BBA27EFD6E95C3B8358689A59FD95","117978194DDDC10D8D4587F1A90008A03B9BBA27EFD6E95C3B8358689A59FD95","True"
"WellerStory-20261001","D:\SWTORClassic\swtoremu\Diagnostics\RoomSelection-20260930\Launch.ps1","04A84766B74637119E115A0E9000E2E177481746A320B1835A0E89653CE16C12","04A84766B74637119E115A0E9000E2E177481746A320B1835A0E89653CE16C12","True"
"WellerStory-20261001","D:\SWTORClassic\swtoremu\Diagnostics\RoomSelection-20260930\Verify-Prefixes.py","5769ECB2C29EBA4457228BA2470F8E7963EC35DF99126E5026CCB7EA8C599197","5769ECB2C29EBA4457228BA2470F8E7963EC35DF99126E5026CCB7EA8C599197","True"
"WellerStory-20261001","D:\SWTORClassic\swtoremu\Diagnostics\SelectedPhaseExit-20260930\Launch.ps1","6EDE3240EDA7DAB84A3EE88BDD71132CC46E8E110DDB8288A7FD81E3E4E7EC3D","6EDE3240EDA7DAB84A3EE88BDD71132CC46E8E110DDB8288A7FD81E3E4E7EC3D","True"
"WellerStory-20261001","D:\SWTORClassic\swtoremu\Diagnostics\SelectedPhaseExit-20260930\Preserve-CurrentLogs.ps1","721A01D2015F3D237D3B206A7599D895932E7849E1B99EB6C1C51C7EDE0E1968","721A01D2015F3D237D3B206A7599D895932E7849E1B99EB6C1C51C7EDE0E1968","True"
"WellerStory-20261001","D:\SWTORClassic\swtoremu\Diagnostics\TaxiDevelopment-20261001\awareness-19.bin","F81BD88CDF1BE2289B561FE29540105965DACAA441795CD39E06296FA3E32185","D1A40EA6BEA8F900D543AB41445E22F55C78AEA9CFB64F79E91D6FD2BC51B727","False"
"WellerStory-20261001","D:\SWTORClassic\swtoremu\Diagnostics\TaxiDevelopment-20261001\awareness-8.bin","F778CA7B4CE0DD59F0CBA244C3CDF2183390DC7FFDD7D63565D87BC89CAE3543","471AA9047F3578803F364E20662C0CEB27219B4B4AEC61AD6F33EB02D056D3D9","False"
"WellerStory-20261001","D:\SWTORClassic\swtoremu\Diagnostics\TaxiDevelopment-20261001\clear-19.bin","7B97F12CC424073E8CC3E7CE3289E26F35FDCB06B292CAAF33B901F40F6692F1","7B97F12CC424073E8CC3E7CE3289E26F35FDCB06B292CAAF33B901F40F6692F1","True"
"WellerStory-20261001","D:\SWTORClassic\swtoremu\Diagnostics\TaxiDevelopment-20261001\clear-8.bin","554A8E7C95402922ED4FB5BB35943557F8A9020CF61E0E3080E092CA928C96C4","554A8E7C95402922ED4FB5BB35943557F8A9020CF61E0E3080E092CA928C96C4","True"
"WellerStory-20261001","D:\SWTORClassic\swtoremu\Diagnostics\TaxiDevelopment-20261001\fixture.json","5495067B3D44F4B1098B1E4B1A5586F915115CC62CE4D855020F28D988173640","600BF6DB244B630FA063D1664C1BDB64641A92417FEBB8532F16D3086455EB02","False"
"WellerStory-20261001","D:\SWTORClassic\swtoremu\Diagnostics\TaxiDevelopment-20261001\Generate-Taxi.py","A226A264A199A5DD298F6B2685DF9DC43967103915139CF0F98B6699561BDA53","26A32B4626BDA7C56CAD235901A3DD570513E055B82C936261D2BD231E22291B","False"
"WellerStory-20261001","D:\SWTORClassic\swtoremu\Diagnostics\TaxiDevelopment-20261001\Inspect-Awareness.py","FE4EC500671E3D47767658C5AB02169BDD57B9F0D506302500425A22ECEAF976","FE4EC500671E3D47767658C5AB02169BDD57B9F0D506302500425A22ECEAF976","True"
"WellerStory-20261001","D:\SWTORClassic\swtoremu\Diagnostics\TaxiDevelopment-20261001\known-19.bin","2AA53197D21DDADD3FE57304C3DA30FE33750D8502AD2524E214B7C3054A260D","2AA53197D21DDADD3FE57304C3DA30FE33750D8502AD2524E214B7C3054A260D","True"
"WellerStory-20261001","D:\SWTORClassic\swtoremu\Diagnostics\TaxiDevelopment-20261001\known-8.bin","27C7308261C07FB4E1E12B65456F211DF4F18E9B44F1FD5798430B8C38AE14F2","27C7308261C07FB4E1E12B65456F211DF4F18E9B44F1FD5798430B8C38AE14F2","True"
"WellerStory-20261001","D:\SWTORClassic\swtoremu\Diagnostics\TaxiDevelopment-20261001\Launch.ps1","5AC526EBAC87CFF038E5C034842C25F6AC3865368463D3B71DC23606F3391EDB","6B9EA68736E15F81BF866130B421C6B85FD0297DF22728070A0E706D09663B4F","False"
"WellerStory-20261001","D:\SWTORClassic\swtoremu\Diagnostics\TaxiDevelopment-20261001\open-19.bin","F3548981AD9D8B9BB3E0B26D6CB157D4E7C3AEDFAA42D761536A2C5DBAA489BF","F3548981AD9D8B9BB3E0B26D6CB157D4E7C3AEDFAA42D761536A2C5DBAA489BF","True"
"WellerStory-20261001","D:\SWTORClassic\swtoremu\Diagnostics\TaxiDevelopment-20261001\open-8.bin","54296DFF29EBBA0DB4AA57821518C0C0223C74381FBF78B31FE69D1D3E64BED8","54296DFF29EBBA0DB4AA57821518C0C0223C74381FBF78B31FE69D1D3E64BED8","True"
"WellerStory-20261001","D:\SWTORClassic\swtoremu\Diagnostics\TaxiDevelopment-20261001\Preserve-CurrentLogs.ps1","117978194DDDC10D8D4587F1A90008A03B9BBA27EFD6E95C3B8358689A59FD95","117978194DDDC10D8D4587F1A90008A03B9BBA27EFD6E95C3B8358689A59FD95","True"
"WellerStory-20261001","D:\SWTORClassic\swtoremu\Diagnostics\TaxiDevelopment-20261001\taxi-content.txt","231B5D8580F9EF777CC05B900C89D46CE111D72F5D2582276CF3F3DD8E3E353E","231B5D8580F9EF777CC05B900C89D46CE111D72F5D2582276CF3F3DD8E3E353E","True"
"WellerStory-20261001","D:\SWTORClassic\swtoremu\Diagnostics\TaxiDevelopment-20261001\Test-Taxi.ps1","A2FEEF118D4ECC3EC83C9210D1D0928B8B42D4AF42D54E3466D454231420F012","A2FEEF118D4ECC3EC83C9210D1D0928B8B42D4AF42D54E3466D454231420F012","True"
"WellerStory-20261001","D:\SWTORClassic\swtoremu\Diagnostics\TaxiDevelopment-20261001\Verify-Taxi.py","11146F83CF1BF983E5DFB2E96D77E31465FD9DCB4E33DE33FFD1ACE1EE13AFCF","EF182D86AAE53C1714DCCA0EC94BF639DDE68578085B809A908C90FB04234048","False"
"WellerStory-20261001","D:\SWTORClassic\swtoremu\Diagnostics\Test-PhaseLifecycleDiscovery.ps1","D6AC6165EE2A9AADD53CD54578E0D8782D510FADCC67B2BCF895051CB119462D","D6AC6165EE2A9AADD53CD54578E0D8782D510FADCC67B2BCF895051CB119462D","True"
"WellerStory-20261001","D:\SWTORClassic\swtoremu\Diagnostics\Test-PhaseLifecycleReadiness.ps1","8D5B7F68DCE45D88AD4D80AD4600473EF57A891BB21B5F4F27A8F8B8301F5250","8D5B7F68DCE45D88AD4D80AD4600473EF57A891BB21B5F4F27A8F8B8301F5250","True"
"WellerStory-20261001","D:\SWTORClassic\swtoremu\Diagnostics\Test-PhaseLifecycleSignatures.ps1","F91E8CA774339B4D90FEAA6F33474B1590740D2D53B0CA6B02869CBA43103A72","F91E8CA774339B4D90FEAA6F33474B1590740D2D53B0CA6B02869CBA43103A72","True"
"WellerStory-20261001","D:\SWTORClassic\swtoremu\Diagnostics\TriggerCollision-20260930\Launch.ps1","B3AF4B8108703DEEC0FFB44A6315A2682A03393E8AB0184EE246E7B36B3495C5","B3AF4B8108703DEEC0FFB44A6315A2682A03393E8AB0184EE246E7B36B3495C5","True"
"WellerStory-20261001","D:\SWTORClassic\swtoremu\Diagnostics\TriggerCollision-20260930\Preserve-CurrentLogs.ps1","721A01D2015F3D237D3B206A7599D895932E7849E1B99EB6C1C51C7EDE0E1968","721A01D2015F3D237D3B206A7599D895932E7849E1B99EB6C1C51C7EDE0E1968","True"
"WellerStory-20261001","D:\SWTORClassic\swtoremu\Diagnostics\TriggerCollision-20260930\Verify-Prefixes.py","6B50A046531F0CF329ACA26E94A18A402BAA31F8102FF3829C8FFBA8EC15C8F1","6B50A046531F0CF329ACA26E94A18A402BAA31F8102FF3829C8FFBA8EC15C8F1","True"
"WellerStory-20261001","D:\SWTORClassic\swtoremu\nexusclient\nexusclient\swtor-emu.exe","2B47C25D2937A3DF2BE727A3224A93D748A5CDFA0F629B1A1C4FDCC163FB8494","2B47C25D2937A3DF2BE727A3224A93D748A5CDFA0F629B1A1C4FDCC163FB8494","True"
"WellerStory-20261001","D:\SWTORClassic\swtoremu\Run-SWTORClassic-MovementCollision.cmd","3AF665768E1F092902F46FB635BF1D8AF2B145136C8E6FBDE1F790C264E928CB","3AF665768E1F092902F46FB635BF1D8AF2B145136C8E6FBDE1F790C264E928CB","True"
"WellerStory-20261001","D:\SWTORClassic\swtoremu\Run-SWTORClassic-PhaseFieldExit.cmd","8735A702BAF29BAFC87310B50F0C314F915A41940BEC38874B8818145175FEF9","8735A702BAF29BAFC87310B50F0C314F915A41940BEC38874B8818145175FEF9","True"
"WellerStory-20261001","D:\SWTORClassic\swtoremu\Run-SWTORClassic-PhaseLifecycle-Crt3Off.cmd","E4AFE6C1328D248768A92336218BFFA2C551F21CB78EBB9D4E4D98DB69545A81","E4AFE6C1328D248768A92336218BFFA2C551F21CB78EBB9D4E4D98DB69545A81","True"
"WellerStory-20261001","D:\SWTORClassic\swtoremu\Run-SWTORClassic-PhaseLifecycle.cmd","C9953D80FBFDE448E2AA18FC866B35C42EAB867BEE70A07E66089895DB89B695","C9953D80FBFDE448E2AA18FC866B35C42EAB867BEE70A07E66089895DB89B695","True"
"WellerStory-20261001","D:\SWTORClassic\swtoremu\Run-SWTORClassic-RetreatGateway.cmd","BBA3452E443D83BC75810B4C61EF0BB43AC154B94039C599C2DD2337A3AB4AA8","BBA3452E443D83BC75810B4C61EF0BB43AC154B94039C599C2DD2337A3AB4AA8","True"
"WellerStory-20261001","D:\SWTORClassic\swtoremu\Run-SWTORClassic-RoomSelection.cmd","6689A7EADC4025630659E492021D3B5EF5512B31B668BE66993F76728FFD4B81","6689A7EADC4025630659E492021D3B5EF5512B31B668BE66993F76728FFD4B81","True"
"WellerStory-20261001","D:\SWTORClassic\swtoremu\Run-SWTORClassic-SelectedPhaseExit.cmd","41C779AB196723E8A4FB2D44526F8E6B13F3B5F3AC29573148CBCF7EE70A5CCD","41C779AB196723E8A4FB2D44526F8E6B13F3B5F3AC29573148CBCF7EE70A5CCD","True"
"WellerStory-20261001","D:\SWTORClassic\swtoremu\Run-SWTORClassic-Trace-Tython.cmd","05DE93E16305014D0AC5019A083C1092C0D34D5B71E5EDB82BD66F6F2E11A74C","05DE93E16305014D0AC5019A083C1092C0D34D5B71E5EDB82BD66F6F2E11A74C","True"
"WellerStory-20261001","D:\SWTORClassic\swtoremu\Run-SWTORClassic-TriggerCollision.cmd","7AF2DE0B71F7EC9B92DB7DF9E1F36E6F710136316364E43A1E524912A72D1373","7AF2DE0B71F7EC9B92DB7DF9E1F36E6F710136316364E43A1E524912A72D1373","True"
"WellerStory-20261001","D:\SWTORClassic\swtoremu\SharpServer\AreaServer\PhaseExit.cs","AA6BE8B385F247D493C77F78BB7C2C3CD9C59EDAB11623E6F8672A2729B26D32","AA6BE8B385F247D493C77F78BB7C2C3CD9C59EDAB11623E6F8672A2729B26D32","True"
"WellerStory-20261001","D:\SWTORClassic\swtoremu\SharpServer\AreaServer\PlayerMovementState.cs","54BCC49627AF56FEDF436F0529330FF12A19EC13984183B754895BE4E314733A","54BCC49627AF56FEDF436F0529330FF12A19EC13984183B754895BE4E314733A","True"
"WellerStory-20261001","D:\SWTORClassic\swtoremu\SharpServer\AreaServer\RetreatGatewayState.cs","68A25E8BF652976AD19E6FF8B39281C8CAD679CEF4307DA1AE759ADF06CA48AA","68A25E8BF652976AD19E6FF8B39281C8CAD679CEF4307DA1AE759ADF06CA48AA","True"
"WellerStory-20261001","D:\SWTORClassic\swtoremu\SharpServer\AreaServer\TaxiNpc.bin","D1FFA71CBD71B4619C4B8CADBF52522B1DBBA71003EB6DCC52365032274051A4","7F98AA2F0CD596D26AC2FC0D45E088D54B57783D62E1F12BD870B9C621405F39","False"
"WellerStory-20261001","D:\SWTORClassic\swtoremu\SharpServer\AreaServer\TythonTaxi.cs","7FF69EE08D90F0A679B379C1EB02AFB95C45F6F645DB46E88565E8DC70EF8F51","B95B7B97B1F31361D95523EAC7A9ECB4ECA56E4D3823CD036853B1647FF0C85C","False"
"WellerStory-20261001","D:\SWTORClassic\swtoremu\SharpServer\AreaServer\WellerConversation.cs","D7D8475621013E3759A8CC59734E22B9E0D4D9F2F565DDC90579925192CF0ADD","D7D8475621013E3759A8CC59734E22B9E0D4D9F2F565DDC90579925192CF0ADD","True"
"WellerStory-20261001","D:\SWTORClassic\swtoremu\SharpServer\bin\Debug\NexusToRServer.exe","32307F196AAEEF7648208D7DA865368A2112BF3B2EE621B21DE13293668CF2FD","79DD1305A3DC3BDE7BBA767EF3249F983768DA9D230F86414696A5971922D5DD","False"
"WellerStory-20261001","D:\SWTORClassic\swtoremu\SharpServer\NET\Packets\Client\CMsg61116AD5.cs","DD6AAD3EEA9E41C73236A4E6C7507D6BB36E61818CBB8B1046EC21297F397209","DD6AAD3EEA9E41C73236A4E6C7507D6BB36E61818CBB8B1046EC21297F397209","True"
"WellerStory-20261001","D:\SWTORClassic\swtoremu\SharpServer\NET\Packets\Client\CMsgF96DCDB0.cs","71184FC39329C17CC1963ACF7CCAD7229B29BA2B1D90603B994913A9048886C4","71184FC39329C17CC1963ACF7CCAD7229B29BA2B1D90603B994913A9048886C4","True"
"WellerStory-20261001","D:\SWTORClassic\swtoremu\SharpServer\NET\Packets\Server\AreaAbilityEffectReplication.cs","EB8C29EF7C31191C7EDD1F9E83A98D2C001100D15F83D814651B06CBACA2CA59","EB8C29EF7C31191C7EDD1F9E83A98D2C001100D15F83D814651B06CBACA2CA59","True"
"WellerStory-20261001","D:\SWTORClassic\swtoremu\SharpServer\NET\Packets\Server\AreaPlayerMovementUpdate.cs","56B2F64C59D41E91903B84B408D61EE0B466EAB42C969A952DB58DA9FBB4C93D","56B2F64C59D41E91903B84B408D61EE0B466EAB42C969A952DB58DA9FBB4C93D","True"
"WellerStory-20261001","D:\SWTORClassic\swtoremu\SharpServer\NET\Packets\Server\AreaReplicationDestroy.cs","E366E7E47FAA7BC33BCE25F6D1FCF1D0391F54A923728EA5A255BB2D0DD3116B","E366E7E47FAA7BC33BCE25F6D1FCF1D0391F54A923728EA5A255BB2D0DD3116B","True"
"WellerStory-20261001","D:\SWTORClassic\swtoremu\SharpServer\NET\Packets\Server\AreaStartupBundle.cs","DA84AC8FE321B84D71306C1AE2F888C6E0505EF893BD4466BB0933F8F3A75A35","26F2226FC9B6234925A9447153E06767D4DFCAAADF06E4A1A0485DC43A1A5EE4","False"
"WellerStory-20261001","D:\SWTORClassic\swtoremu\SharpServer\NET\Packets\Server\AreaTaxiAwareness.cs","F9BFC83FC9F9FB1C0256BAAEAAC36A58399835DF996DD274996B515E0C4F38A1","0CF08D6765D71E6A4EDFFC643DCFA4164AB83D8573C1BF7A3EB41236A3567A5A","False"
"WellerStory-20261001","D:\SWTORClassic\swtoremu\SharpServer\NET\Packets\Server\AreaTaxiInteraction.cs","0A3B692BBB087807052BE2192D875BAB22B9D6480053980B305A6F06AFC8BC9B","0A3B692BBB087807052BE2192D875BAB22B9D6480053980B305A6F06AFC8BC9B","True"
"WellerStory-20261001","D:\SWTORClassic\swtoremu\SharpServer\NET\Packets\Server\AreaWellerConversation.cs","948FC16B2B763C3539082E3C6005E1C5FEACBE9CDF8AC2302525575C8D60BE8B","948FC16B2B763C3539082E3C6005E1C5FEACBE9CDF8AC2302525575C8D60BE8B","True"
"WellerStory-20261001","D:\SWTORClassic\swtoremu\SharpServer\NET\TORGameServerPacket.cs","6F7C01E231B1F7DE8303B6CF861FDD5521EAA454F4753F38D63465A0A1ABC82F","6F7C01E231B1F7DE8303B6CF861FDD5521EAA454F4753F38D63465A0A1ABC82F","True"
"WellerStory-20261001","D:\SWTORClassic\swtoremu\SharpServer\NexusToRServer.csproj","2D835DB09135D6E0A4400F4D67D854AACB8CBB3F7AACBCBDA752175F61F0F04E","864AD3965DD3ED5094C934BA4C3875942B1387504663F977D52645DAEC102D81","False"
"WellerStory-20261001","D:\SWTORClassic\swtoremu\Run-SWTORClassic-Taxi.cmd","6D7CD2464C9B62593A561547F01E7FA28EF94A448F946F6CE54E657E46BB0ABC","6D7CD2464C9B62593A561547F01E7FA28EF94A448F946F6CE54E657E46BB0ABC","True"
"WellerStory-20261001","D:\SWTORClassic\swtoremu\Diagnostics\TaxiDevelopment-20261001\AUDIT.md","F619EA96678914B24806F0B1ECAF10DB8BE8A085CC469B9F215FCB03CB95662E","133845A9F2271155387CB3C4E70BE08888904F0BAC5983575EE9363F90DB1A43","False"
"WellerStory-20261001","D:\SWTORClassic\swtoremu\Diagnostics\Experiments\2026-10-01-04-tython-taxi-npc-and-travel-map.md","DD25A3A693751539D72DFCFFE855DD33C023A354A0D2160DFC2963F9AA2F62B7","0E76107F15477244466D4CDAD5309E8EFA8143F38C7FAACE63BC76BE1E2C6788","False"
