"Directory","Files","Bytes","Tracked"
"_JPEXTRACT","169","21399467","111"
"!emulator_clean_plan.txt","1","10529","0"
".gitattributes","1","68","1"
".gitignore","1","3301","1"
".vscode","1","90","1"
"AGENTS.md","1","2172","0"
"Archive","82","291492","0"
"AssetOriginals","1","838976320","0"
"Assets2012","5","397719053","0"
"Assets2012April","92","18412344088","0"
"build-hook.cmd","1","431","1"
"Capture-Client.cmd","1","110","1"
"Client","394","62372875","327"
"Dependencies","274","13461732","0"
"Diagnostics","10115","67953070778","2097"
"docs","4","33255","0"
"Hacks","27","138526","25"
"HOOK-BUILD.md","1","1344","1"
"LICENSE","1","17239","1"
"nexusclient","610","1161409295","11"
"nexusclient.rar","1","9283862","1"
"Packets","60","75014","60"
"Parser","361","3124248","351"
"README.md","1","3243","1"
"Run-LocalClient.bat","1","124","1"
"Run-Old-Client-Compatible.cmd","1","505","1"
"Run-SWTORClassic-F96Echo.cmd","1","502","1"
"Run-SWTORClassic-MovementC7.cmd","1","273","0"
"Run-SWTORClassic-MovementCollision.cmd","1","295","0"
"Run-SWTORClassic-MovementTether.cmd","1","287","0"
"Run-SWTORClassic-PhaseExitProbe.cmd","1","2519","0"
"Run-SWTORClassic-PhaseFieldExit.cmd","1","282","0"
"Run-SWTORClassic-PhaseLifecycle-Crt3Off.cmd","1","383","0"
"Run-SWTORClassic-PhaseLifecycle.cmd","1","576","0"
"Run-SWTORClassic-RetreatGateway.cmd","1","287","0"
"Run-SWTORClassic-RetreatReentry.cmd","1","287","0"
"Run-SWTORClassic-RoomSelection.cmd","1","301","0"
"Run-SWTORClassic-SelectedPhaseExit.cmd","1","295","0"
"Run-SWTORClassic-Taxi.cmd","1","271","0"
"Run-SWTORClassic-Trace-Tython-F96Echo.cmd","1","478","1"
"Run-SWTORClassic-Trace-Tython.cmd","1","23283","1"
"Run-SWTORClassic-TriggerCollision.cmd","1","314","0"
"Run-SWTORClassic-WellerStory.cmd","1","269","0"
"Run-SWTORClassic-With-Status.cmd","1","98","1"
"Run-SWTORClassic.cmd","1","517","1"
"RuntimeLogs","11","979677","0"
"scripts","3","7194","0"
"Server","151","478366","151"
"SharpServer","552","32483042","507"
"START-HERE.md","1","382","1"
"Test-ConvertedAssets.bat","1","144","1"
"test-hook.cmd","1","371","1"
"Tools","820","14354411","713"
