"Source","Saved","Bytes","SHA256","SourceLastWriteUTC"
"C:\Users\brant\NexusToR.server.out","D:\SWTORClassic\swtoremu\Diagnostics\DoorwayControl-20260930\postrun-20260930-002619-400\001-NexusToR.server.out","0","E3B0C44298FC1C149AFBF4C8996FB92427AE41E4649B934CA495991B7852B855","2026-09-30T04:20:12.1578507Z"
"D:\SWTORClassic\swtoremu\Diagnostics\last-compatibility-run.log","D:\SWTORClassic\swtoremu\Diagnostics\DoorwayControl-20260930\postrun-20260930-002619-400\002-last-compatibility-run.log","176206","29FEFB90E7A392537C2A3EBFD1339E227347E17E9C018A654E974C1811012B1A","2026-09-30T04:25:50.5541601Z"
"D:\SWTORClassic\swtoremu\Diagnostics\last-nexus-hook.log","D:\SWTORClassic\swtoremu\Diagnostics\DoorwayControl-20260930\postrun-20260930-002619-400\003-last-nexus-hook.log","154910","EE8643F455A175A9AED774E46E0CEC6DB9885BDD7E0B74B3E69B6E7D1B0302DD","2026-09-30T04:11:41.6890861Z"
"D:\SWTORClassic\swtoremu\Diagnostics\last-server-full.log","D:\SWTORClassic\swtoremu\Diagnostics\DoorwayControl-20260930\postrun-20260930-002619-400\004-last-server-full.log","594290","813911ECB7A63740960BEE40A9A0FC9E4B86ECBF8E1F8300077A43E81C61D2CC","2026-09-30T04:11:41.7089910Z"
"D:\SWTORClassic\swtoremu\Diagnostics\last-server-out.log","D:\SWTORClassic\swtoremu\Diagnostics\DoorwayControl-20260930\postrun-20260930-002619-400\005-last-server-out.log","0","E3B0C44298FC1C149AFBF4C8996FB92427AE41E4649B934CA495991B7852B855","2026-09-30T04:03:03.4052306Z"
"D:\SWTORClassic\swtoremu\Diagnostics\nexus_hook.before-latest.log","D:\SWTORClassic\swtoremu\Diagnostics\DoorwayControl-20260930\postrun-20260930-002619-400\006-nexus_hook.before-latest.log","154910","EE8643F455A175A9AED774E46E0CEC6DB9885BDD7E0B74B3E69B6E7D1B0302DD","2026-09-30T04:11:41.6890861Z"
"D:\SWTORClassic\swtoremu\Diagnostics\nexus-server.before-latest.log","D:\SWTORClassic\swtoremu\Diagnostics\DoorwayControl-20260930\postrun-20260930-002619-400\007-nexus-server.before-latest.log","594290","813911ECB7A63740960BEE40A9A0FC9E4B86ECBF8E1F8300077A43E81C61D2CC","2026-09-30T04:11:41.7089910Z"
"D:\SWTORClassic\swtoremu\Diagnostics\startup-summary.log","D:\SWTORClassic\swtoremu\Diagnostics\DoorwayControl-20260930\postrun-20260930-002619-400\008-startup-summary.log","1327","BE40F65106A25A65D495A9AC795C5FF68C30764F3D4BD17C449CFC3D4D3968D3","2026-09-30T04:23:15.1826748Z"
"D:\SWTORClassic\swtoremu\nexusclient\nexusclient\nexus_hook.log","D:\SWTORClassic\swtoremu\Diagnostics\DoorwayControl-20260930\postrun-20260930-002619-400\009-nexus_hook.log","104306","F7E23051D921E313AE67805BEB012EECB25EEB4D12772E5C3A287701BAFEAE14","2026-09-30T04:25:47.5116645Z"
"D:\SWTORClassic\swtoremu\SharpServer\bin\Debug\NexusToR.log","D:\SWTORClassic\swtoremu\Diagnostics\DoorwayControl-20260930\postrun-20260930-002619-400\010-NexusToR.log","447442","991F78CEDD1BF7BF88BFEA4BE337CB4DCF60E279C1A0FA35D739709398BB45FF","2026-09-30T04:25:49.5369762Z"
