"Base","Size","Protect","Type"
"0x006E0000","483328","0x80","0x1000000"
"0x00756000","4096","0x40","0x1000000"
"0x00757000","200704","0x80","0x1000000"
"0x00788000","8192","0x40","0x1000000"
"0x0078A000","126976","0x80","0x1000000"
"0x007A9000","4096","0x40","0x1000000"
"0x007AA000","176128","0x80","0x1000000"
"0x007D5000","4096","0x40","0x1000000"
"0x007D6000","819200","0x80","0x1000000"
"0x0089E000","4096","0x40","0x1000000"
"0x0089F000","45056","0x80","0x1000000"
"0x008AA000","4096","0x40","0x1000000"
"0x008AB000","24576","0x80","0x1000000"
"0x008B1000","4096","0x40","0x1000000"
"0x008B2000","28672","0x80","0x1000000"
"0x008B9000","4096","0x40","0x1000000"
"0x008BA000","413696","0x80","0x1000000"
"0x0091F000","4096","0x40","0x1000000"
"0x00920000","4096","0x80","0x1000000"
"0x00921000","16384","0x40","0x1000000"
"0x00925000","20480","0x80","0x1000000"
"0x0092A000","4096","0x40","0x1000000"
"0x0092B000","12288","0x80","0x1000000"
"0x0092E000","4096","0x40","0x1000000"
"0x0092F000","12288","0x80","0x1000000"
"0x00932000","4096","0x40","0x1000000"
"0x00933000","1028096","0x80","0x1000000"
"0x00A2E000","12288","0x40","0x1000000"
"0x00A31000","376832","0x80","0x1000000"
"0x00A8D000","4096","0x40","0x1000000"
"0x00A8E000","249856","0x80","0x1000000"
"0x00ACB000","4096","0x40","0x1000000"
"0x00ACC000","266240","0x80","0x1000000"
"0x00B0D000","4096","0x40","0x1000000"
"0x00B0E000","610304","0x80","0x1000000"
"0x00BA3000","8192","0x40","0x1000000"
"0x00BA5000","753664","0x80","0x1000000"
"0x00C5D000","4096","0x40","0x1000000"
"0x00C5E000","450560","0x80","0x1000000"
"0x00CCC000","4096","0x40","0x1000000"
"0x00CCD000","40960","0x80","0x1000000"
"0x00CD7000","4096","0x40","0x1000000"
"0x00CD8000","524288","0x80","0x1000000"
"0x00D58000","4096","0x40","0x1000000"
"0x00D59000","24576","0x80","0x1000000"
"0x00D5F000","4096","0x40","0x1000000"
"0x00D60000","598016","0x80","0x1000000"
"0x00DF2000","4096","0x40","0x1000000"
"0x00DF3000","77824","0x80","0x1000000"
"0x00E06000","4096","0x40","0x1000000"
"0x00E07000","69632","0x80","0x1000000"
"0x00E18000","4096","0x40","0x1000000"
"0x00E19000","36864","0x80","0x1000000"
"0x00E22000","4096","0x40","0x1000000"
"0x00E23000","8192","0x80","0x1000000"
"0x00E25000","8192","0x40","0x1000000"
"0x00E27000","180224","0x80","0x1000000"
"0x00E53000","4096","0x40","0x1000000"
"0x00E54000","126976","0x80","0x1000000"
"0x00E73000","4096","0x40","0x1000000"
"0x00E74000","176128","0x80","0x1000000"
"0x00E9F000","8192","0x40","0x1000000"
"0x00EA1000","77824","0x80","0x1000000"
"0x00EB4000","4096","0x40","0x1000000"
"0x00EB5000","8192","0x80","0x1000000"
"0x00EB7000","4096","0x40","0x1000000"
"0x00EB8000","352256","0x80","0x1000000"
"0x00F0E000","4096","0x40","0x1000000"
"0x00F0F000","4399104","0x80","0x1000000"
"0x01341000","8192","0x40","0x1000000"
"0x01343000","2420736","0x80","0x1000000"
"0x01592000","8192","0x40","0x1000000"
"0x01594000","4096","0x80","0x1000000"
"0x01595000","8192","0x40","0x1000000"
"0x01597000","4096","0x80","0x1000000"
"0x01598000","4096","0x40","0x1000000"
"0x01599000","28672","0x80","0x1000000"
"0x015A0000","8192","0x40","0x1000000"
"0x015A2000","20480","0x80","0x1000000"
"0x015A7000","69632","0x40","0x1000000"
"0x015B8000","36864","0x80","0x1000000"
"0x015C1000","16384","0x40","0x1000000"
"0x015C5000","4096","0x80","0x1000000"
"0x015C6000","4096","0x40","0x1000000"
"0x015C7000","196608","0x80","0x1000000"
"0x015F7000","16384","0x40","0x1000000"
"0x015FB000","118784","0x80","0x1000000"
"0x01618000","114688","0x40","0x1000000"
"0x01634000","8192","0x80","0x1000000"
"0x01636000","12288","0x40","0x1000000"
"0x01639000","8192","0x80","0x1000000"
"0x0163B000","4096","0x40","0x1000000"
"0x0163C000","8192","0x80","0x1000000"
"0x0163E000","4096","0x40","0x1000000"
"0x0163F000","28672","0x80","0x1000000"
"0x01646000","4096","0x40","0x1000000"
"0x01647000","8192","0x80","0x1000000"
"0x01649000","4096","0x40","0x1000000"
"0x0164A000","12288","0x80","0x1000000"
"0x0164D000","20480","0x40","0x1000000"
"0x01652000","4096","0x80","0x1000000"
"0x01653000","73728","0x40","0x1000000"
"0x01665000","8192","0x80","0x1000000"
"0x01667000","36864","0x40","0x1000000"
"0x01670000","1040384","0x80","0x1000000"
"0x0176E000","61440","0x40","0x1000000"
"0x0177D000","1892352","0x80","0x1000000"
"0x01950000","69632","0x2","0x40000"
"0x01970000","8192","0x4","0x40000"
"0x01980000","172032","0x2","0x40000"
"0x019E8000","32768","0x4","0x20000"
"0x019F0000","16384","0x2","0x40000"
"0x01AED000","73728","0x4","0x20000"
"0x01B03000","49152","0x4","0x20000"
"0x01B17000","81920","0x4","0x20000"
"0x01B2F000","327680","0x4","0x20000"
"0x01B83000","16384","0x4","0x20000"
"0x01CF6000","40960","0x4","0x20000"
"0x01D00000","4096","0x2","0x40000"
"0x01D10000","8192","0x4","0x20000"
"0x01D20000","69632","0x2","0x40000"
"0x01D40000","69632","0x2","0x40000"
"0x01D60000","12288","0x2","0x40000"
"0x01D70000","57344","0x2","0x40000"
"0x01D80000","57344","0x2","0x40000"
"0x01D90000","32768","0x2","0x40000"
"0x01DA0000","45056","0x2","0x40000"
"0x01DB0000","69632","0x2","0x40000"
"0x01DD0000","12288","0x2","0x40000"
"0x01DE0000","57344","0x2","0x40000"
"0x01DF0000","57344","0x2","0x40000"
"0x01E00000","32768","0x2","0x40000"
"0x01E10000","45056","0x2","0x40000"
"0x01E20000","65536","0x4","0x40000"
"0x01E30000","61440","0x4","0x20000"
"0x01E40000","12288","0x2","0x40000"
"0x01E50000","69632","0x2","0x40000"
"0x01E70000","32768","0x2","0x40000"
"0x01E80000","1044480","0x4","0x20000"
"0x01F80000","864256","0x2","0x40000"
"0x02060000","69632","0x2","0x40000"
"0x020B8000","32768","0x4","0x20000"
"0x020F8000","32768","0x4","0x20000"
"0x02138000","32768","0x4","0x20000"
"0x02140000","4096","0x2","0x40000"
"0x02150000","4096","0x2","0x40000"
"0x02160000","4096","0x2","0x40000"
"0x02170000","4096","0x2","0x40000"
"0x02180000","4096","0x2","0x40000"
"0x02190000","4096","0x2","0x40000"
"0x021A0000","24576","0x2","0x40000"
"0x021B0000","12288","0x4","0x20000"
"0x021C0000","4096","0x2","0x1000000"
"0x021C1000","413696","0x20","0x1000000"
"0x02226000","69632","0x2","0x1000000"
"0x02237000","20480","0x4","0x1000000"
"0x0224C000","4096","0x4","0x1000000"
"0x02257000","24576","0x2","0x1000000"
"0x02260000","4096","0x4","0x20000"
"0x02270000","61440","0x4","0x20000"
"0x02280000","184320","0x2","0x40000"
"0x02480000","1576960","0x2","0x40000"
"0x02610000","1163264","0x2","0x40000"
"0x03B1E000","8192","0x4","0x20000"
"0x03C1E000","8192","0x4","0x20000"
"0x03D1E000","8192","0x4","0x20000"
"0x03D20000","69632","0x2","0x40000"
"0x03D40000","69632","0x2","0x40000"
"0x03D97000","36864","0x4","0x20000"
"0x03DA0000","8192","0x2","0x40000"
"0x03DB0000","4096","0x4","0x40000"
"0x03DC0000","8192","0x2","0x40000"
"0x03DD0000","61440","0x4","0x20000"
"0x03E18000","32768","0x4","0x20000"
"0x03E20000","4096","0x4","0x20000"
"0x03EA0000","61440","0x4","0x20000"
"0x03EB0000","67108864","0x4","0x20000"
"0x07EB0000","946176","0x4","0x20000"
"0x07FB0000","4096","0x4","0x20000"
"0x07FC0000","8192","0x2","0x40000"
"0x07FD0000","69632","0x2","0x40000"
"0x07FF0000","69632","0x2","0x40000"
"0x08010000","69632","0x2","0x40000"
"0x08030000","57344","0x4","0x40000"
"0x08040000","4096","0x2","0x40000"
"0x08050000","20480","0x4","0x20000"
"0x0815C000","16384","0x4","0x20000"
"0x0825E000","8192","0x4","0x20000"
"0x08260000","1187840","0x2","0x40000"
"0x083C8000","32768","0x4","0x20000"
"0x08410000","40960","0x2","0x40000"
"0x08420000","4096","0x4","0x20000"
"0x08430000","4096","0x4","0x20000"
"0x08440000","16384","0x4","0x20000"
"0x08450000","3387392","0x2","0x40000"
"0x08790000","4096","0x4","0x20000"
"0x08F90000","20119552","0x2","0x40000"
"0x0A2F8000","32768","0x4","0x20000"
"0x0A3FE000","8192","0x4","0x20000"
"0x0A438000","32768","0x4","0x20000"
"0x0A536000","40960","0x4","0x20000"
"0x0A540000","4096","0x2","0x40000"
"0x0A550000","1388544","0x2","0x40000"
"0x0A6E8000","32768","0x4","0x20000"
"0x0A7ED000","12288","0x4","0x20000"
"0x0A828000","32768","0x4","0x20000"
"0x0A92E000","8192","0x4","0x20000"
"0x0A968000","32768","0x4","0x20000"
"0x0A97E000","8192","0x4","0x20000"
"0x0A9B8000","32768","0x4","0x20000"
"0x0AABE000","8192","0x4","0x20000"
"0x0AAF8000","32768","0x4","0x20000"
"0x0ABFE000","8192","0x4","0x20000"
"0x0AC38000","32768","0x4","0x20000"
"0x0AD3D000","12288","0x4","0x20000"
"0x0AD40000","4096","0x4","0x40000"
"0x0AD50000","4096","0x4","0x40000"
"0x0AD98000","32768","0x4","0x20000"
"0x0ADAE000","8192","0x4","0x20000"
"0x0ADE8000","32768","0x4","0x20000"
"0x0AEEE000","8192","0x4","0x20000"
"0x0AEF0000","589824","0x4","0x40000"
"0x0AFB8000","32768","0x4","0x20000"
"0x0AFCE000","8192","0x4","0x20000"
"0x0B008000","32768","0x4","0x20000"
"0x0B10E000","8192","0x4","0x20000"
"0x0B148000","32768","0x4","0x20000"
"0x0B24E000","8192","0x4","0x20000"
"0x0B250000","4096","0x2","0x40000"
"0x0B260000","4096","0x2","0x40000"
"0x0B270000","4096","0x2","0x40000"
"0x0B2B8000","32768","0x4","0x20000"
"0x0B3BE000","8192","0x4","0x20000"
"0x0B3F8000","32768","0x4","0x20000"
"0x0B4FD000","12288","0x4","0x20000"
"0x0B538000","32768","0x4","0x20000"
"0x0B63E000","8192","0x4","0x20000"
"0x0B678000","32768","0x4","0x20000"
"0x0B77D000","12288","0x4","0x20000"
"0x0B7B8000","32768","0x4","0x20000"
"0x0B7CE000","8192","0x4","0x20000"
"0x0B7D0000","12288","0x4","0x40000"
"0x0B7E0000","4096","0x2","0x40000"
"0x0B7F0000","4096","0x2","0x40000"
"0x0B800000","4096","0x2","0x40000"
"0x0B810000","4096","0x2","0x40000"
"0x0B858000","32768","0x4","0x20000"
"0x0B95E000","8192","0x4","0x20000"
"0x0B998000","32768","0x4","0x20000"
"0x0BA90000","65536","0x4","0x20000"
"0x0BAD8000","32768","0x4","0x20000"
"0x0BBDE000","8192","0x4","0x20000"
"0x0BC18000","32768","0x4","0x20000"
"0x0BD1E000","8192","0x4","0x20000"
"0x0BD58000","32768","0x4","0x20000"
"0x0BE5E000","8192","0x4","0x20000"
"0x0BE98000","32768","0x4","0x20000"
"0x0BF9C000","16384","0x4","0x20000"
"0x0C118000","32768","0x4","0x20000"
"0x0C21E000","8192","0x4","0x20000"
"0x0C360000","73728","0x4","0x20000"
"0x0C6EE000","8192","0x4","0x20000"
"0x0C840000","4096","0x40","0x20000"
"0x0C880000","49152","0x4","0x20000"
"0x0C8C8000","32768","0x4","0x20000"
"0x0C9B9000","94208","0x4","0x20000"
"0x0CA30000","1028096","0x4","0x20000"
"0x0CB30000","1990656","0x4","0x20000"
"0x0CD30000","33619968","0x4","0x40000"
"0x0ED40000","983040","0x4","0x20000"
"0x10000000","4096","0x2","0x1000000"
"0x10001000","245760","0x20","0x1000000"
"0x1003D000","49152","0x2","0x1000000"
"0x10049000","8192","0x4","0x1000000"
"0x1004B000","24576","0x2","0x1000000"
"0x10060000","4096","0x4","0x20000"
"0x10070000","8192","0x4","0x20000"
"0x10080000","4096","0x4","0x20000"
"0x10090000","4096","0x4","0x20000"
"0x100A0000","4096","0x4","0x20000"
"0x100B0000","4096","0x4","0x20000"
"0x100C0000","4096","0x4","0x20000"
"0x100D0000","4096","0x4","0x20000"
"0x100E0000","8192","0x4","0x20000"
"0x100F0000","8192","0x4","0x20000"
"0x10100000","4096","0x4","0x20000"
"0x10110000","8192","0x4","0x20000"
"0x10120000","16384","0x4","0x20000"
"0x10130000","4096","0x4","0x20000"
"0x10140000","4096","0x4","0x20000"
"0x10150000","4096","0x4","0x20000"
"0x10160000","4096","0x4","0x20000"
"0x10170000","4096","0x4","0x20000"
"0x10180000","4096","0x4","0x20000"
"0x10190000","4096","0x4","0x20000"
"0x101A0000","4096","0x4","0x20000"
"0x101B0000","4096","0x4","0x20000"
"0x101C0000","4096","0x4","0x20000"
"0x101D0000","4096","0x4","0x20000"
"0x101E0000","4096","0x4","0x20000"
"0x101F0000","4096","0x4","0x20000"
"0x10200000","4096","0x4","0x20000"
"0x10210000","4096","0x4","0x20000"
"0x10220000","4096","0x4","0x20000"
"0x10230000","4096","0x4","0x20000"
"0x10240000","4096","0x4","0x20000"
"0x10250000","4096","0x4","0x20000"
"0x10260000","4096","0x4","0x20000"
"0x10270000","4096","0x4","0x20000"
"0x10280000","4096","0x4","0x20000"
"0x10290000","4096","0x4","0x20000"
"0x102A0000","4096","0x4","0x20000"
"0x102B0000","4096","0x4","0x20000"
"0x102C0000","4096","0x4","0x20000"
"0x102D0000","4096","0x4","0x20000"
"0x102E0000","4096","0x4","0x20000"
"0x102F0000","4096","0x4","0x20000"
"0x10300000","4096","0x4","0x20000"
"0x10310000","4096","0x4","0x20000"
"0x10320000","4096","0x4","0x20000"
"0x10330000","4096","0x4","0x20000"
"0x10340000","8192","0x4","0x20000"
"0x10350000","4096","0x4","0x20000"
"0x10360000","4096","0x4","0x20000"
"0x10370000","4096","0x4","0x20000"
"0x10380000","4096","0x4","0x20000"
"0x10390000","4096","0x4","0x20000"
"0x103A0000","4096","0x4","0x20000"
"0x103B0000","4096","0x4","0x20000"
"0x103C0000","4096","0x4","0x20000"
"0x103D0000","4096","0x4","0x20000"
"0x103E0000","4096","0x4","0x20000"
"0x103F0000","4096","0x4","0x20000"
"0x10400000","4096","0x4","0x20000"
"0x10410000","4096","0x4","0x20000"
"0x10420000","4096","0x4","0x20000"
"0x10430000","4096","0x4","0x20000"
"0x10440000","4096","0x4","0x20000"
"0x10450000","4096","0x4","0x20000"
"0x10460000","4096","0x4","0x20000"
"0x10470000","4096","0x4","0x20000"
"0x10480000","4096","0x4","0x20000"
"0x10490000","4096","0x4","0x20000"
"0x104A0000","4096","0x4","0x20000"
"0x104B0000","4096","0x4","0x20000"
"0x104C0000","4096","0x4","0x20000"
"0x104D0000","4096","0x4","0x20000"
"0x104E0000","4096","0x4","0x20000"
"0x104F0000","4096","0x4","0x20000"
"0x10500000","4096","0x4","0x20000"
"0x10510000","4096","0x4","0x20000"
"0x10520000","4096","0x4","0x20000"
"0x10530000","4096","0x4","0x20000"
"0x10540000","4096","0x4","0x20000"
"0x10550000","4096","0x4","0x20000"
"0x10560000","4096","0x4","0x20000"
"0x10570000","4096","0x4","0x20000"
"0x10580000","4096","0x4","0x20000"
"0x10590000","4096","0x4","0x20000"
"0x105A0000","4096","0x4","0x20000"
"0x105B0000","2953216","0x4","0x20000"
"0x10890000","643072","0x4","0x20000"
"0x10930000","249856","0x4","0x20000"
"0x10970000","331776","0x4","0x20000"
"0x109D0000","569344","0x4","0x20000"
"0x10A60000","266240","0x4","0x20000"
"0x10AB0000","4096","0x4","0x20000"
"0x10AC0000","4096","0x4","0x20000"
"0x10AD0000","4096","0x4","0x20000"
"0x10AE0000","4096","0x4","0x20000"
"0x10AF0000","4096","0x4","0x20000"
"0x10B00000","1413120","0x4","0x20000"
"0x10C60000","450560","0x4","0x20000"
"0x10CD0000","45142016","0x4","0x20000"
"0x137E0000","4243456","0x4","0x20000"
"0x13BF0000","40960","0x4","0x20000"
"0x13C00000","167936","0x4","0x20000"
"0x13C30000","1052672","0x4","0x20000"
"0x13D40000","4096","0x4","0x20000"
"0x13D50000","4096","0x4","0x20000"
"0x13D60000","4096","0x4","0x20000"
"0x13D70000","4096","0x4","0x20000"
"0x13D80000","4096","0x4","0x20000"
"0x13D90000","4096","0x4","0x20000"
"0x13DA0000","4096","0x4","0x20000"
"0x13DB0000","135168","0x4","0x20000"
"0x13DE0000","4096","0x4","0x20000"
"0x13DF0000","4096","0x4","0x20000"
"0x13E00000","4096","0x4","0x20000"
"0x13E10000","4096","0x4","0x20000"
"0x13E20000","331776","0x4","0x20000"
"0x13E80000","4096","0x4","0x20000"
"0x13E90000","4096","0x4","0x20000"
"0x13EA0000","4096","0x4","0x20000"
"0x13EB0000","135168","0x4","0x20000"
"0x13EE0000","4096","0x4","0x20000"
"0x13EF0000","4096","0x4","0x20000"
"0x13F00000","4096","0x4","0x20000"
"0x13F10000","69632","0x4","0x20000"
"0x13F30000","4096","0x4","0x20000"
"0x13F40000","512000","0x4","0x20000"
"0x13FC0000","655360","0x4","0x20000"
"0x57E70000","4096","0x2","0x1000000"
"0x57E71000","270336","0x20","0x1000000"
"0x57EB3000","8192","0x4","0x1000000"
"0x57EB5000","32768","0x2","0x1000000"
"0x58160000","4096","0x2","0x1000000"
"0x58161000","913408","0x20","0x1000000"
"0x58240000","4096","0x4","0x1000000"
"0x58241000","98304","0x2","0x1000000"
"0x586B0000","4096","0x2","0x1000000"
"0x586B1000","811008","0x20","0x1000000"
"0x58777000","8192","0x4","0x1000000"
"0x58779000","94208","0x2","0x1000000"
"0x58D00000","4096","0x2","0x1000000"
"0x58D01000","1425408","0x20","0x1000000"
"0x58E5D000","16384","0x4","0x1000000"
"0x58E65000","86016","0x2","0x1000000"
"0x5A470000","4096","0x2","0x1000000"
"0x5A471000","40960","0x20","0x1000000"
"0x5A47B000","4096","0x4","0x1000000"
"0x5A47C000","16384","0x2","0x1000000"
"0x5B420000","4096","0x2","0x1000000"
"0x5B421000","1556480","0x20","0x1000000"
"0x5B59D000","716800","0x2","0x1000000"
"0x5B64C000","8192","0x4","0x1000000"
"0x5B64E000","413696","0x2","0x1000000"
"0x5B730000","4096","0x2","0x1000000"
"0x5B731000","1327104","0x20","0x1000000"
"0x5B875000","12288","0x4","0x1000000"
"0x5B878000","20480","0x2","0x1000000"
"0x5B87E000","143360","0x2","0x1000000"
"0x5BFD0000","4096","0x2","0x1000000"
"0x5BFD1000","4317184","0x20","0x1000000"
"0x5C3EF000","323584","0x2","0x1000000"
"0x5C442000","4096","0x4","0x1000000"
"0x5C449000","4096","0x4","0x1000000"
"0x5C455000","4096","0x4","0x1000000"
"0x5C459000","4096","0x4","0x1000000"
"0x5C460000","143360","0x4","0x1000000"
"0x5C493000","8192","0x4","0x1000000"
"0x5C495000","307200","0x2","0x1000000"
"0x5C4E0000","4096","0x2","0x1000000"
"0x5C4E1000","348160","0x20","0x1000000"
"0x5C536000","45056","0x2","0x1000000"
"0x5C541000","12288","0x4","0x1000000"
"0x5C544000","16384","0x2","0x1000000"
"0x5E840000","4096","0x2","0x1000000"
"0x5E841000","1159168","0x20","0x1000000"
"0x5E95C000","270336","0x2","0x1000000"
"0x5E99E000","57344","0x4","0x1000000"
"0x5E9AC000","172032","0x2","0x1000000"
"0x5E9E0000","4096","0x2","0x1000000"
"0x5E9E1000","1179648","0x20","0x1000000"
"0x5EB01000","274432","0x2","0x1000000"
"0x5EB44000","57344","0x4","0x1000000"
"0x5EB52000","172032","0x2","0x1000000"
"0x5EB80000","4096","0x2","0x1000000"
"0x5EB81000","1015808","0x20","0x1000000"
"0x5EC79000","4096","0x4","0x1000000"
"0x5EC7B000","90112","0x2","0x1000000"
"0x64830000","4096","0x2","0x1000000"
"0x64831000","16384","0x20","0x1000000"
"0x64835000","4096","0x4","0x1000000"
"0x64836000","12288","0x2","0x1000000"
"0x64840000","4096","0x2","0x1000000"
"0x64841000","614400","0x20","0x1000000"
"0x648D7000","8192","0x4","0x1000000"
"0x648D9000","24576","0x2","0x1000000"
"0x648F0000","4096","0x2","0x1000000"
"0x648F1000","430080","0x20","0x1000000"
"0x6495A000","8192","0x4","0x1000000"
"0x6495C000","40960","0x2","0x1000000"
"0x64970000","4096","0x2","0x1000000"
"0x64971000","40960","0x20","0x1000000"
"0x6497B000","12288","0x2","0x1000000"
"0x6497E000","12288","0x4","0x1000000"
"0x6498E000","4096","0x4","0x1000000"
"0x64990000","12288","0x2","0x1000000"
"0x649A0000","4096","0x2","0x1000000"
"0x649A1000","933888","0x20","0x1000000"
"0x64A85000","4096","0x4","0x1000000"
"0x64A86000","20480","0x2","0x1000000"
"0x64A90000","4096","0x2","0x1000000"
"0x64A91000","212992","0x20","0x1000000"
"0x64AC5000","299008","0x2","0x1000000"
"0x64B0F000","8192","0x4","0x1000000"
"0x64B11000","24576","0x2","0x1000000"
"0x64B20000","4096","0x2","0x1000000"
"0x64B21000","405504","0x20","0x1000000"
"0x64B84000","176128","0x2","0x1000000"
"0x64BAF000","4096","0x4","0x1000000"
"0x64BB1000","4096","0x4","0x1000000"
"0x64BB3000","12288","0x4","0x1000000"
"0x64BB6000","20480","0x2","0x1000000"
"0x64BC0000","4096","0x2","0x1000000"
"0x64BC1000","3645440","0x20","0x1000000"
"0x64F3B000","4096","0x4","0x1000000"
"0x64F49000","4096","0x4","0x1000000"
"0x64F50000","4096","0x4","0x1000000"
"0x64F53000","4096","0x4","0x1000000"
"0x64F65000","4096","0x4","0x1000000"
"0x64F68000","4096","0x4","0x1000000"
"0x64F6A000","8192","0x4","0x1000000"
"0x64F6E000","4096","0x4","0x1000000"
"0x64F6F000","102400","0x2","0x1000000"
"0x64F90000","4096","0x2","0x1000000"
"0x64F91000","614400","0x20","0x1000000"
"0x65027000","8192","0x4","0x1000000"
"0x6502A000","16384","0x4","0x1000000"
"0x6502E000","20480","0x2","0x1000000"
"0x65040000","4096","0x2","0x1000000"
"0x65041000","540672","0x20","0x1000000"
"0x650C6000","8192","0x4","0x1000000"
"0x650C8000","24576","0x2","0x1000000"
"0x650D0000","4096","0x2","0x1000000"
"0x650D1000","380928","0x20","0x1000000"
"0x6512E000","4096","0x4","0x1000000"
"0x65132000","12288","0x4","0x1000000"
"0x65356000","49152","0x2","0x1000000"
"0x67DA0000","4096","0x2","0x1000000"
"0x67DA1000","180224","0x20","0x1000000"
"0x67DCD000","4096","0x4","0x1000000"
"0x67DCF000","4096","0x4","0x1000000"
"0x67DD0000","28672","0x2","0x1000000"
"0x67E50000","4096","0x2","0x1000000"
"0x67E51000","1122304","0x20","0x1000000"
"0x67F68000","12288","0x4","0x1000000"
"0x67F6B000","65536","0x2","0x1000000"
"0x68720000","4096","0x2","0x1000000"
"0x68721000","114688","0x20","0x1000000"
"0x6873D000","8192","0x4","0x1000000"
"0x6873F000","24576","0x2","0x1000000"
"0x68D60000","4096","0x2","0x1000000"
"0x68D61000","32768","0x20","0x1000000"
"0x68D69000","4096","0x2","0x1000000"
"0x68D6A000","24576","0x4","0x1000000"
"0x68D74000","143360","0x4","0x1000000"
"0x68D97000","8192","0x2","0x1000000"
"0x68DA0000","4096","0x2","0x1000000"
"0x68DA1000","65536","0x20","0x1000000"
"0x68DB1000","24576","0x2","0x1000000"
"0x68DB7000","4096","0x4","0x1000000"
"0x68DC2000","4096","0x4","0x1000000"
"0x68DC3000","16384","0x2","0x1000000"
"0x69400000","4096","0x2","0x1000000"
"0x69401000","962560","0x20","0x1000000"
"0x694EC000","12288","0x4","0x1000000"
"0x694EF000","65536","0x2","0x1000000"
"0x69510000","4096","0x2","0x1000000"
"0x69511000","487424","0x20","0x1000000"
"0x69588000","12288","0x4","0x1000000"
"0x6958B000","12288","0x2","0x1000000"
"0x6958F000","32768","0x2","0x1000000"
"0x6AAB0000","4096","0x2","0x1000000"
"0x6AAB1000","8192","0x20","0x1000000"
"0x6AAB3000","4096","0x4","0x1000000"
"0x6AAB4000","20480","0x2","0x1000000"
"0x6AFC0000","4096","0x2","0x1000000"
"0x6AFC1000","167936","0x20","0x1000000"
"0x6AFEA000","28672","0x2","0x1000000"
"0x6AFF1000","12288","0x4","0x1000000"
"0x6AFF4000","20480","0x2","0x1000000"
"0x6B000000","118784","0x80","0x1000000"
"0x6B01D000","4096","0x40","0x1000000"
"0x6B01E000","36864","0x80","0x1000000"
"0x6B027000","8192","0x40","0x1000000"
"0x6B029000","12288","0x80","0x1000000"
"0x6B02C000","4096","0x40","0x1000000"
"0x6B02D000","12288","0x80","0x1000000"
"0x6B4C0000","4096","0x2","0x1000000"
"0x6B4C1000","32768","0x20","0x1000000"
"0x6B4C9000","4096","0x4","0x1000000"
"0x6B4CA000","16384","0x2","0x1000000"
"0x6B4E0000","4096","0x2","0x1000000"
"0x6B4E1000","49152","0x20","0x1000000"
"0x6B4ED000","4096","0x4","0x1000000"
"0x6B4EE000","16384","0x2","0x1000000"
"0x6B500000","4096","0x2","0x1000000"
"0x6B501000","49152","0x20","0x1000000"
"0x6B50D000","4096","0x4","0x1000000"
"0x6B50E000","16384","0x2","0x1000000"
"0x6C0C0000","4096","0x2","0x1000000"
"0x6C0C1000","1417216","0x20","0x1000000"
"0x6C21B000","8192","0x4","0x1000000"
"0x6C21D000","135168","0x2","0x1000000"
"0x6C280000","4096","0x2","0x1000000"
"0x6C281000","299008","0x20","0x1000000"
"0x6C2CA000","4096","0x4","0x1000000"
"0x6C2CB000","57344","0x2","0x1000000"
"0x6C300000","4096","0x2","0x1000000"
"0x6C301000","565248","0x20","0x1000000"
"0x6C38B000","8192","0x4","0x1000000"
"0x6C38D000","139264","0x2","0x1000000"
"0x6C3C0000","4096","0x2","0x1000000"
"0x6C3C1000","421888","0x20","0x1000000"
"0x6C428000","8192","0x4","0x1000000"
"0x6C42A000","131072","0x2","0x1000000"
"0x6C450000","4096","0x2","0x1000000"
"0x6C451000","2113536","0x20","0x1000000"
"0x6C655000","16384","0x4","0x1000000"
"0x6C659000","106496","0x2","0x1000000"
"0x6C680000","4096","0x2","0x1000000"
"0x6C681000","4096","0x20","0x1000000"
"0x6C682000","4096","0x4","0x1000000"
"0x6C683000","12288","0x2","0x1000000"
"0x6C6D0000","4096","0x2","0x1000000"
"0x6C6D1000","458752","0x20","0x1000000"
"0x6C741000","8192","0x4","0x1000000"
"0x6C743000","45056","0x2","0x1000000"
"0x6D2B0000","65536","0x20","0x20000"
"0x6D490000","4096","0x2","0x1000000"
"0x6D491000","483328","0x20","0x1000000"
"0x6D507000","12288","0x4","0x1000000"
"0x6D50A000","94208","0x2","0x1000000"
"0x6DDB0000","4096","0x2","0x1000000"
"0x6DDB1000","155648","0x20","0x1000000"
"0x6DDD7000","4096","0x4","0x1000000"
"0x6DDD8000","40960","0x2","0x1000000"
"0x6DDF0000","4096","0x2","0x1000000"
"0x6DDF1000","356352","0x20","0x1000000"
"0x6DE48000","4096","0x4","0x1000000"
"0x6DE49000","36864","0x2","0x1000000"
"0x6E6A0000","4096","0x2","0x1000000"
"0x6E6A1000","16384","0x20","0x1000000"
"0x6E6A5000","4096","0x4","0x1000000"
"0x6E6A6000","16384","0x2","0x1000000"
"0x6E6B0000","4096","0x2","0x1000000"
"0x6E6B1000","57344","0x20","0x1000000"
"0x6E6BF000","4096","0x4","0x1000000"
"0x6E6C0000","16384","0x2","0x1000000"
"0x6E810000","4096","0x2","0x1000000"
"0x6E811000","139264","0x20","0x1000000"
"0x6E833000","4096","0x4","0x1000000"
"0x6E834000","28672","0x2","0x1000000"
"0x6E840000","4096","0x2","0x1000000"
"0x6E841000","118784","0x20","0x1000000"
"0x6E85E000","4096","0x4","0x1000000"
"0x6E85F000","24576","0x2","0x1000000"
"0x6E8C0000","4096","0x2","0x1000000"
"0x6E8C1000","24576","0x20","0x1000000"
"0x6E8C7000","4096","0x4","0x1000000"
"0x6E8C8000","12288","0x2","0x1000000"
"0x6E8D0000","4096","0x2","0x1000000"
"0x6E8D1000","331776","0x20","0x1000000"
"0x6E922000","4096","0x4","0x1000000"
"0x6E923000","36864","0x2","0x1000000"
"0x6EAA0000","4096","0x2","0x1000000"
"0x6EAA1000","90112","0x20","0x1000000"
"0x6EAB7000","4096","0x4","0x1000000"
"0x6EAB8000","16384","0x2","0x1000000"
"0x6ECF0000","4096","0x2","0x1000000"
"0x6ECF1000","94208","0x20","0x1000000"
"0x6ED08000","16384","0x2","0x1000000"
"0x6ED0C000","12288","0x4","0x1000000"
"0x6ED0F000","8192","0x2","0x1000000"
"0x6EE70000","4096","0x2","0x1000000"
"0x6EE71000","8192","0x20","0x1000000"
"0x6EE73000","4096","0x4","0x1000000"
"0x6EE74000","16384","0x2","0x1000000"
"0x6EE80000","4096","0x2","0x1000000"
"0x6EE81000","90112","0x20","0x1000000"
"0x6EE97000","4096","0x4","0x1000000"
"0x6EE98000","24576","0x2","0x1000000"
"0x6EEB0000","4096","0x2","0x1000000"
"0x6EEB1000","958464","0x20","0x1000000"
"0x6EF9B000","8192","0x4","0x1000000"
"0x6EF9D000","131072","0x2","0x1000000"
"0x6EFD0000","4096","0x2","0x1000000"
"0x6EFD1000","81920","0x20","0x1000000"
"0x6EFE5000","4096","0x4","0x1000000"
"0x6EFE6000","20480","0x2","0x1000000"
"0x6F1B0000","4096","0x2","0x1000000"
"0x6F1B1000","221184","0x20","0x1000000"
"0x6F1E7000","4096","0x4","0x1000000"
"0x6F1E8000","32768","0x2","0x1000000"
"0x6FC60000","4096","0x2","0x1000000"
"0x6FC61000","94208","0x20","0x1000000"
"0x6FC78000","4096","0x4","0x1000000"
"0x6FC79000","20480","0x2","0x1000000"
"0x712A0000","4096","0x2","0x1000000"
"0x712A1000","299008","0x20","0x1000000"
"0x712EA000","8192","0x4","0x1000000"
"0x712EC000","32768","0x2","0x1000000"
"0x71920000","4096","0x2","0x1000000"
"0x71921000","94208","0x20","0x1000000"
"0x71938000","4096","0x4","0x1000000"
"0x7193B000","4096","0x4","0x1000000"
"0x7193C000","40960","0x2","0x1000000"
"0x71980000","4096","0x2","0x1000000"
"0x71981000","147456","0x20","0x1000000"
"0x719A5000","8192","0x4","0x1000000"
"0x719A7000","49152","0x2","0x1000000"
"0x719D0000","4096","0x2","0x1000000"
"0x719D1000","20480","0x20","0x1000000"
"0x719D6000","4096","0x4","0x1000000"
"0x719D7000","12288","0x2","0x1000000"
"0x71A20000","4096","0x2","0x1000000"
"0x71A21000","126976","0x20","0x1000000"
"0x71A40000","4096","0x4","0x1000000"
"0x71A41000","20480","0x2","0x1000000"
"0x71A50000","4096","0x2","0x1000000"
"0x71A51000","1761280","0x20","0x1000000"
"0x71BFF000","8192","0x4","0x1000000"
"0x71C02000","20480","0x4","0x1000000"
"0x71C12000","8192","0x4","0x1000000"
"0x71C1E000","106496","0x2","0x1000000"
"0x71C40000","4096","0x2","0x1000000"
"0x71C41000","1822720","0x20","0x1000000"
"0x71DFE000","12288","0x4","0x1000000"
"0x71E01000","417792","0x2","0x1000000"
"0x71E70000","4096","0x2","0x1000000"
"0x71E71000","6930432","0x20","0x1000000"
"0x7250D000","28672","0x4","0x1000000"
"0x72515000","475136","0x2","0x1000000"
"0x725C0000","4096","0x2","0x1000000"
"0x725C1000","143360","0x20","0x1000000"
"0x725E4000","4096","0x4","0x1000000"
"0x725E5000","24576","0x2","0x1000000"
"0x72700000","4096","0x2","0x1000000"
"0x72701000","36864","0x20","0x1000000"
"0x7270A000","4096","0x4","0x1000000"
"0x7270B000","16384","0x2","0x1000000"
"0x72720000","4096","0x2","0x1000000"
"0x72721000","36864","0x20","0x1000000"
"0x7272A000","4096","0x4","0x1000000"
"0x7272B000","12288","0x2","0x1000000"
"0x72F00000","4096","0x2","0x1000000"
"0x72F01000","12288","0x20","0x1000000"
"0x72F04000","4096","0x4","0x1000000"
"0x72F05000","12288","0x2","0x1000000"
"0x72F10000","4096","0x2","0x1000000"
"0x72F11000","49152","0x20","0x1000000"
"0x72F1D000","4096","0x4","0x1000000"
"0x72F1E000","28672","0x2","0x1000000"
"0x72FC0000","4096","0x2","0x1000000"
"0x72FC1000","86016","0x20","0x1000000"
"0x72FD6000","4096","0x4","0x1000000"
"0x72FD7000","253952","0x2","0x1000000"
"0x752C0000","4096","0x2","0x1000000"
"0x752C1000","311296","0x20","0x1000000"
"0x7530D000","4096","0x4","0x1000000"
"0x7530E000","114688","0x2","0x1000000"
"0x75330000","4096","0x2","0x1000000"
"0x75331000","757760","0x20","0x1000000"
"0x753EC000","16384","0x4","0x1000000"
"0x753F0000","28672","0x2","0x1000000"
"0x75400000","4096","0x2","0x1000000"
"0x75401000","28672","0x20","0x1000000"
"0x75408000","69632","0x2","0x1000000"
"0x75419000","4096","0x4","0x1000000"
"0x7541A000","8192","0x2","0x1000000"
"0x75430000","4096","0x2","0x1000000"
"0x75431000","1052672","0x20","0x1000000"
"0x75532000","12288","0x4","0x1000000"
"0x75535000","73728","0x2","0x1000000"
"0x755B0000","4096","0x2","0x1000000"
"0x755B1000","8192","0x20","0x1000000"
"0x755B3000","4096","0x4","0x1000000"
"0x755B4000","12288","0x2","0x1000000"
"0x755C0000","4096","0x2","0x1000000"
"0x755C1000","1056768","0x20","0x1000000"
"0x756C3000","8192","0x4","0x1000000"
"0x756C5000","45056","0x2","0x1000000"
"0x756E0000","4096","0x2","0x1000000"
"0x756E1000","811008","0x20","0x1000000"
"0x757A7000","12288","0x4","0x1000000"
"0x757AA000","131072","0x2","0x1000000"
"0x757D0000","4096","0x2","0x1000000"
"0x757D1000","589824","0x20","0x1000000"
"0x75861000","8192","0x4","0x1000000"
"0x75863000","49152","0x2","0x1000000"
"0x75AF0000","4096","0x2","0x1000000"
"0x75AF1000","663552","0x20","0x1000000"
"0x75B93000","20480","0x4","0x1000000"
"0x75B98000","69632","0x2","0x1000000"
"0x75BD0000","4096","0x2","0x1000000"
"0x75BD1000","2437120","0x20","0x1000000"
"0x75E24000","16384","0x4","0x1000000"
"0x75E28000","241664","0x2","0x1000000"
"0x75F10000","4096","0x2","0x1000000"
"0x75F11000","765952","0x20","0x1000000"
"0x75FCC000","4096","0x4","0x1000000"
"0x75FCF000","4096","0x4","0x1000000"
"0x75FD1000","4096","0x4","0x1000000"
"0x75FD3000","77824","0x2","0x1000000"
"0x75FF0000","4096","0x2","0x1000000"
"0x76000000","442368","0x20","0x1000000"
"0x76070000","192512","0x2","0x1000000"
"0x760A0000","8192","0x4","0x1000000"
"0x760B0000","4096","0x2","0x1000000"
"0x760C0000","4096","0x2","0x1000000"
"0x760D0000","20480","0x2","0x1000000"
"0x760F0000","4096","0x2","0x1000000"
"0x760F1000","290816","0x20","0x1000000"
"0x76138000","4096","0x4","0x1000000"
"0x76139000","36864","0x2","0x1000000"
"0x76150000","4096","0x2","0x1000000"
"0x76151000","909312","0x20","0x1000000"
"0x7622F000","24576","0x4","0x1000000"
"0x76238000","1044480","0x2","0x1000000"
"0x76340000","4096","0x2","0x1000000"
"0x76341000","831488","0x20","0x1000000"
"0x7640C000","8192","0x4","0x1000000"
"0x7640E000","561152","0x2","0x1000000"
"0x764A0000","4096","0x2","0x1000000"
"0x764A1000","483328","0x20","0x1000000"
"0x76517000","8192","0x4","0x1000000"
"0x7651A000","4096","0x4","0x1000000"
"0x7651B000","45056","0x2","0x1000000"
"0x76530000","4096","0x2","0x1000000"
"0x76531000","471040","0x20","0x1000000"
"0x765A4000","4096","0x4","0x1000000"
"0x765A5000","20480","0x2","0x1000000"
"0x765B0000","4096","0x2","0x1000000"
"0x765B1000","106496","0x20","0x1000000"
"0x765CB000","4096","0x4","0x1000000"
"0x765CC000","24576","0x2","0x1000000"
"0x765F0000","4096","0x2","0x1000000"
"0x765F1000","6230016","0x20","0x1000000"
"0x76BE2000","32768","0x4","0x1000000"
"0x76BEB000","434176","0x2","0x1000000"
"0x76C60000","4096","0x2","0x1000000"
"0x76C61000","942080","0x20","0x1000000"
"0x76D47000","4096","0x4","0x1000000"
"0x76D4C000","8192","0x4","0x1000000"
"0x76D4E000","3551232","0x2","0x1000000"
"0x770C0000","4096","0x2","0x1000000"
"0x770C1000","1015808","0x20","0x1000000"
"0x771B9000","20480","0x4","0x1000000"
"0x771BE000","65536","0x2","0x1000000"
"0x771E0000","4096","0x2","0x1000000"
"0x771E1000","458752","0x20","0x1000000"
"0x77252000","4096","0x4","0x1000000"
"0x7725A000","8192","0x4","0x1000000"
"0x7725C000","36864","0x2","0x1000000"
"0x77270000","4096","0x2","0x1000000"
"0x77271000","479232","0x20","0x1000000"
"0x772E6000","16384","0x4","0x1000000"
"0x772EA000","45056","0x2","0x1000000"
"0x77300000","4096","0x2","0x1000000"
"0x77301000","2629632","0x20","0x1000000"
"0x77583000","16384","0x4","0x1000000"
"0x77588000","20480","0x4","0x1000000"
"0x7758D000","315392","0x2","0x1000000"
"0x775E0000","4096","0x2","0x1000000"
"0x775E1000","106496","0x20","0x1000000"
"0x775FB000","4096","0x4","0x1000000"
"0x775FC000","36864","0x2","0x1000000"
"0x77610000","4096","0x2","0x1000000"
"0x77611000","466944","0x20","0x1000000"
"0x77683000","4096","0x4","0x1000000"
"0x77685000","8192","0x4","0x1000000"
"0x77687000","57344","0x2","0x1000000"
"0x776A0000","4096","0x2","0x1000000"
"0x776A1000","4096","0x20","0x1000000"
"0x776A2000","4096","0x4","0x1000000"
"0x776A3000","12288","0x2","0x1000000"
"0x77720000","4096","0x2","0x1000000"
"0x77721000","696320","0x20","0x1000000"
"0x777CB000","4096","0x4","0x1000000"
"0x777CC000","65536","0x2","0x1000000"
"0x777F0000","4096","0x2","0x1000000"
"0x777F1000","12288","0x20","0x1000000"
"0x777F4000","4096","0x2","0x1000000"
"0x777F5000","4096","0x4","0x1000000"
"0x777F6000","4096","0x2","0x1000000"
"0x777F7000","4096","0x20","0x1000000"
"0x777F8000","8192","0x2","0x1000000"
"0x77800000","4096","0x2","0x1000000"
"0x77801000","491520","0x20","0x1000000"
"0x77879000","4096","0x40","0x1000000"
"0x7787A000","770048","0x20","0x1000000"
"0x77936000","16384","0x4","0x1000000"
"0x7793A000","544768","0x2","0x1000000"
"0x7FFE0000","4096","0x2","0x20000"
"0x7FFEC000","4096","0x2","0x20000"
