"Snapshot","Kind","IdAddress","CandidateBase","Vtable","IsHeroNode","RegionBase","RegionSize"
"before","ParentInstanceId","0xC5026820","0xC5026808","0xC280013C","False","0xC4FA0000","552960"
"before","PhaseInfoId","0xCC134560","0xCC134548","0xEB144DB0","False","0xCBF70000","16777216"
"before","PhaseInfoId","0xCF0C5050","0xCF0C5038","0xD5D12AB0","False","0xCEF70000","16777216"
"before","GnarlsControlId","0xD30CA630","0xD30CA618","0x00000002","False","0xD2A20000","7196672"
"before","ParentInstanceId","0xD371FBA8","0xD371FB90","0xE9739BA0","False","0xD36E0000","8617984"
"before","ParentInstanceId","0xD371FC10","0xD371FBF8","0x00000000","False","0xD36E0000","8617984"
"before","PhaseInfoId","0xD3892168","0xD3892150","0xD38A0BD0","False","0xD36E0000","8617984"
"before","PhaseInfoId","0xD38921D0","0xD38921B8","0x00000000","False","0xD36E0000","8617984"
"before","GnarlsControlId","0xD392EE70","0xD392EE58","0x00000000","False","0xD36E0000","8617984"
"before","GnarlsControlId","0xD392EEC8","0xD392EEB0","0xD390F900","False","0xD36E0000","8617984"
"before","PhaseInfoId","0xD3F62378","0xD3F62360","0x00F55ECC","True","0xD3F60000","135168"
"before","GnarlsControlId","0xD3F6E1F8","0xD3F6E1E0","0x00F55ECC","True","0xD3F60000","135168"
"before","GnarlsControlId","0xD58C5A30","0xD58C5A18","0x00000000","False","0xD5840000","1347584"
"before","GnarlsControlId","0xD5B87420","0xD5B87408","0x00000000","False","0xD5A10000","2158592"
"before","GnarlsControlId","0xD5B87430","0xD5B87418","0x00000000","False","0xD5A10000","2158592"
"before","GnarlsControlId","0xD5B87440","0xD5B87428","0x00000000","False","0xD5A10000","2158592"
"before","GnarlsControlId","0xD5B87450","0xD5B87438","0xD0DE9088","False","0xD5A10000","2158592"
"before","GnarlsControlId","0xD5B87460","0xD5B87448","0xD0DE9088","False","0xD5A10000","2158592"
"before","GnarlsControlId","0xD5B87470","0xD5B87458","0xD0DE9088","False","0xD5A10000","2158592"
"before","GnarlsControlId","0xD5B87480","0xD5B87468","0xD0DE9088","False","0xD5A10000","2158592"
"before","GnarlsControlId","0xD5B87490","0xD5B87478","0xD0DE9088","False","0xD5A10000","2158592"
"before","PhaseInfoId","0xE98F1000","0xE98F0FE8","0x00000000","False","0xE98C0000","217088"
"before","ParentInstanceId","0xEB5C5678","0xEB5C5660","0x00F55ECC","True","0xEB4B0000","1392640"
"before","PhaseInfoId","0xEEA6AB10","0xEEA6AAF8","0x00000000","False","0xEE3C0000","10031104"
