"Snapshot","Kind","Address","RegionBase","RegionSize","Protect","Type"
"before","ParentInstanceId","0xC5026820","0xC4FA0000","552960","0x4","0x20000"
"before","PhaseInfoId","0xCC134560","0xCBF70000","16777216","0x4","0x20000"
"before","PhaseInfoId","0xCF0C5050","0xCEF70000","16777216","0x4","0x20000"
"before","GnarlsControlId","0xD30CA630","0xD2A20000","7196672","0x4","0x20000"
"before","ParentInstanceId","0xD371FBA8","0xD36E0000","8617984","0x4","0x20000"
"before","ParentInstanceId","0xD371FC10","0xD36E0000","8617984","0x4","0x20000"
"before","PhaseInfoId","0xD3892168","0xD36E0000","8617984","0x4","0x20000"
"before","PhaseInfoId","0xD38921D0","0xD36E0000","8617984","0x4","0x20000"
"before","GnarlsControlId","0xD392EE70","0xD36E0000","8617984","0x4","0x20000"
"before","GnarlsControlId","0xD392EEC8","0xD36E0000","8617984","0x4","0x20000"
"before","PhaseInfoId","0xD3F62378","0xD3F60000","135168","0x4","0x20000"
"before","GnarlsControlId","0xD3F6E1F8","0xD3F60000","135168","0x4","0x20000"
"before","GnarlsControlId","0xD58C5A30","0xD5840000","1347584","0x4","0x20000"
"before","GnarlsControlId","0xD5B87420","0xD5A10000","2158592","0x4","0x20000"
"before","GnarlsControlId","0xD5B87430","0xD5A10000","2158592","0x4","0x20000"
"before","GnarlsControlId","0xD5B87440","0xD5A10000","2158592","0x4","0x20000"
"before","GnarlsControlId","0xD5B87450","0xD5A10000","2158592","0x4","0x20000"
"before","GnarlsControlId","0xD5B87460","0xD5A10000","2158592","0x4","0x20000"
"before","GnarlsControlId","0xD5B87470","0xD5A10000","2158592","0x4","0x20000"
"before","GnarlsControlId","0xD5B87480","0xD5A10000","2158592","0x4","0x20000"
"before","GnarlsControlId","0xD5B87490","0xD5A10000","2158592","0x4","0x20000"
"before","PhaseInfoId","0xE98F1000","0xE98C0000","217088","0x4","0x20000"
"before","ParentInstanceId","0xEB5C5678","0xEB4B0000","1392640","0x4","0x20000"
"before","PhaseInfoId","0xEEA6AB10","0xEE3C0000","10031104","0x4","0x20000"
