"Opcode","ReferenceServerName","CurrentServerName","ReferenceParserNames","SameServerName"
"0X00","Null","Null",,"True"
"0X00000001","Pong","Pong","Ping;Pong","True"
"0X00000011","ClientHello","ClientHello","ClientHello","True"
"0X01837678","SetMailboxInteraction","SetMailboxInteraction","SetMailboxInteraction","True"
"0X04","ConnectionHandshake","ConnectionHandshake",,"True"
"0X04CCE2BB","TrackingServerInit","TrackingServerInit","TrackingServerInit","True"
"0X0ADFF9BF","AreaRequestRPC","AreaRequestRPC","AreaRequestRPC","True"
"0X0C0BA34F","HackNotifyData","HackNotifyData","CMSG_UNK_0C0BA34F;HackNotifyData","True"
"0X0D446E80","AreaClientReplicationTransaction","AreaClientReplicationTransaction","AreaClientReplicationTransaction","True"
"0X0E71623B","AreaHackPack","AreaHackPack","AreaHackPack","True"
"0X0EC2A425","CharacterListReply","CharacterListReply","SMSG_CHARACTER_LIST;CharacterListReply","True"
"0X13509F15","WorldSendToArea","WorldSendToArea","SMSG_CHARACTER_AREA_SERVER_SPEC;WorldSendToArea","True"
"0X1CA72F2D","AreaSendAwarenessRange","AreaSendAwarenessRange","AreaSendAwarenessRange","True"
"0X2195CC8A","ModulesList","ModulesList","CMSG_LIST_MODULES;ModulesList","True"
"0X23B61238","SMsg23B61238","SMsg23B61238","RequestMultipleRPC","True"
"0X246462DB","WorldTravelPending","WorldTravelPending","SMSG_CHARACTER_CURRENT_MAP;WorldTravelPending","True"
"0X25ACBEF4","WorldNotifyGauntletVersion","WorldNotifyGauntletVersion","WorldNotifyGauntletVersion","True"
"0X25E86D5C","WorldRequestRPC","WorldRequestRPC","WorldRequestRPC","True"
"0X2D0B9303","SystemRequestRPC","SystemRequestRPC","SystemRequestRPC","True"
"0X34287945","ClientReplicationTransaction","ClientReplicationTransaction","CMSG_UNK_34287945;SMSG_UNK_34287945;ClientReplicationTransaction","True"
"0X35BEBAA5","WorldShouldSendScriptErrors","WorldShouldSendScriptErrors","WorldShouldSendScriptErrors","True"
"0X420923E0","TimeRequesterRequest","TimeRequesterRequest","CMSG_SERVER_ADDRESS;TimeRequesterRequest","True"
"0X43DB3479","RequestClose","RequestClose","CMSG_REQUEST_CLOSE;SMSG_UNK_43DB3479;RequestClose","True"
"0X4AA61E6B","HasMail","HasMail","HasMail","True"
"0X4BD75535","GameSystemNotifyID","GameSystemNotifyID","GameSystemNotifyID","True"
"0X5FE920D4","ServiceRequest","ServiceRequest","CMSG_SERVICE_REQUEST;ServiceRequest","True"
"0X6731C5AF","ObjectReply","ObjectReply","CMSG_SERVICE_ACK;SMSG_REQUEST_SIGNATURE;ObjectReply","True"
"0X6BA87A93","AreaTalk","AreaTalk","AreaTalk","True"
"0X74D16DED","AreaModulesList","AreaModulesList","CMSG_UNK_74D16DED;AreaModulesList","True"
"0X7AD491DA","WorldTravelStatus","WorldTravelStatus","SMSG_CHARACTER_ENTER_AREA;WorldTravelStatus","True"
"0X7CB9A193","CMsg7CB9A193","CMsg7CB9A193","CMSG_UNK_7CB9A193;CMsg7CB9A193","True"
"0X8B0D492F","SignatureResponse","SignatureResponse","CMSG_REQUEST_INTRODUCE_CONNECTION;SMSG_SIGNATURE_RESPONSE;SignatureResponse","True"
"0X8D576F7B","TimeRequesterReply","TimeRequesterReply","SMSG_SERVER_ADDRESS;TimeRequesterReply","True"
"0X8F0A39AA","AreaUpdateTimeSource","AreaUpdateTimeSource","AreaUpdateTimeSource","True"
"0X90F2D084","ReplyIntroduceConnection","ReplyIntroduceConnection","SMSG_REQUEST_INTRODUCE_CONNECTION","True"
"0X944511BF","AreaTeleportCharacter","AreaTeleportCharacter","AreaTeleportCharacter","True"
"0XA0D00B3A","SelectCharacterReply","SelectCharacterReply","SMSG_CHARACTER_SELECT;SelectCharacterReply","True"
"0XA1D9E226","AreaAwarenessEntered","AreaAwarenessEntered","AreaAwarenessEntered","True"
"0XA609E6A7","ObjectRequest","ObjectRequest","CMSG_REQUEST_SIGNATURE;SMSG_GAMEOBJECT;ObjectRequest","True"
"0XC26464A9","CMsgC26464A9","CMsgC26464A9","CMSG_CHARACTER_SOMETHING;CMSG_UNK_C26464A9;CMsgC26464A9","True"
"0XCFBFFBCB","AreaSetCharacter","AreaSetCharacter","AreaSetCharacter","True"
"0XCFFE7758","SelectCharacterRequest","SelectCharacterRequest","CMSG_CHARACTER_SELECT;SelectCharacterRequest","True"
"0XD0D38F43","SetTrackingInfo","SetTrackingInfo","CMSG_GAME_STATE;SetTrackingInfo","True"
"0XD130EAB9","CreateCharacterRequest","CreateCharacterRequest","CMSG_CHARACTER_CREATE;CreateCharacterRequest","True"
"0XD4BA5CFB","ClientInformation","ClientInformation","SMSG_CLIENT_INFORMATION;ClientInformation","True"
"0XDBF41C90","AreaEffEventMessage","AreaEffEventMessage","AreaEffEventMessage","True"
"0XECB59833","WorldHackPack","WorldHackPack","WorldHackPack","True"
"0XFB2047CE","CharacterListRequest","CharacterListRequest","CMSG_CHARACTER_LIST;CharacterListRequest","True"
