"RelativePath","ReferenceBytes","ReferenceSHA256","CurrentSHA256","Same"
"Awareness\tython_blockout-4611686019869492753-1.1.aaw","13488","C9A50AB8D7B60D7A1C1C3D47489DE63AA99C54E9A5F87FA6D56BB13DCECCE374","C9A50AB8D7B60D7A1C1C3D47489DE63AA99C54E9A5F87FA6D56BB13DCECCE374","True"
"Awareness\tython_blockout-4611686019869492753-1.2.aaw","1247","8B888EDC0823F5A3E8E3FD19DBB43AA121A6C26964193101E32B25B3F33DFB73","8B888EDC0823F5A3E8E3FD19DBB43AA121A6C26964193101E32B25B3F33DFB73","True"
"CRT\tython_blockout-4611686019869492753-1.1.acrt","57382","0022CFCC8AE2A913B22BEBF5BC688710517F8DBB1F37883AD1A3440BBEDD44FA","0022CFCC8AE2A913B22BEBF5BC688710517F8DBB1F37883AD1A3440BBEDD44FA","True"
"CRT\tython_blockout-4611686019869492753-1.10.acrt","621","2191FF1A7C8440EC003E1A3BC82F98241E3EC0741802519C27587D9539617185","2191FF1A7C8440EC003E1A3BC82F98241E3EC0741802519C27587D9539617185","True"
"CRT\tython_blockout-4611686019869492753-1.11.acrt","621","1FACCC880F0951A00E1A007B30D08DEBCBAB6881E4D5D10CAAD1716DB08E53F3","1FACCC880F0951A00E1A007B30D08DEBCBAB6881E4D5D10CAAD1716DB08E53F3","True"
"CRT\tython_blockout-4611686019869492753-1.12.acrt","26","0F0E635C88FA30A07C54DF6CCFD53E049D477A15C267386B617B4EAB070DFFBF","0F0E635C88FA30A07C54DF6CCFD53E049D477A15C267386B617B4EAB070DFFBF","True"
"CRT\tython_blockout-4611686019869492753-1.13.acrt","622","CC534454FA56E73E8E3CBD980EF1AA165ED18FC442D58EA1CAB59D8D525FC762","CC534454FA56E73E8E3CBD980EF1AA165ED18FC442D58EA1CAB59D8D525FC762","True"
"CRT\tython_blockout-4611686019869492753-1.14.acrt","621","AFB3B9A7E3A9CB881041E1C885B0C5388818AC607ABD3DE22F0EF6260C16DE5D","AFB3B9A7E3A9CB881041E1C885B0C5388818AC607ABD3DE22F0EF6260C16DE5D","True"
"CRT\tython_blockout-4611686019869492753-1.15.acrt","621","B025481633398F6296854280DE65FC00B02E973120A84665F46FBDF3DE6E83CA","B025481633398F6296854280DE65FC00B02E973120A84665F46FBDF3DE6E83CA","True"
"CRT\tython_blockout-4611686019869492753-1.16.acrt","621","3695B16C150AEC27354D1848E23018E6E0D70D8040299111240032E528BACD9F","3695B16C150AEC27354D1848E23018E6E0D70D8040299111240032E528BACD9F","True"
"CRT\tython_blockout-4611686019869492753-1.17.acrt","736","540CA26F451D44BD6E7FCE688EBD45F4F8CAF7F7362A8BB7D3D668519900A790","540CA26F451D44BD6E7FCE688EBD45F4F8CAF7F7362A8BB7D3D668519900A790","True"
"CRT\tython_blockout-4611686019869492753-1.2.acrt","6543","C73CCAF38225FE1E8235095464E025553E88646EF45EB65623EC2C4943E6404E","C73CCAF38225FE1E8235095464E025553E88646EF45EB65623EC2C4943E6404E","True"
"CRT\tython_blockout-4611686019869492753-1.3.acrt","55","3E79B4C94FADFAD09DB854B2979027BB2187D230CC2CB37493DD140D86C3CFBA","F03A79A99D22ECDE30ED397BAFCBEC0404763ECCD69941A9DEC2B80BCCA1FCCD","False"
"CRT\tython_blockout-4611686019869492753-1.4.acrt","1833","4CFA0B80835D015426B4E33C5D6CE90572A9DFCEB2B5F9D032C5C12EE8022DC7","4CFA0B80835D015426B4E33C5D6CE90572A9DFCEB2B5F9D032C5C12EE8022DC7","True"
"CRT\tython_blockout-4611686019869492753-1.5.acrt","621","CA046975942850B0A88EA257412C61B34A022D0E709FE4E7FF325DC26D7E3895","CA046975942850B0A88EA257412C61B34A022D0E709FE4E7FF325DC26D7E3895","True"
"CRT\tython_blockout-4611686019869492753-1.6.acrt","621","A37F15A9CE400393C6534023E0C7E459EB47A6B162E1440FBB0023F0554E40F2","A37F15A9CE400393C6534023E0C7E459EB47A6B162E1440FBB0023F0554E40F2","True"
"CRT\tython_blockout-4611686019869492753-1.7.acrt","632","3F6E5FA80721F091F6AD0442A6E83D5D4984D5C237912E3E89F4AFC7E130B300","3F6E5FA80721F091F6AD0442A6E83D5D4984D5C237912E3E89F4AFC7E130B300","True"
"CRT\tython_blockout-4611686019869492753-1.8.acrt","621","14FDF748D841CD5021683887FAEBF55B20B517C8C6202A1C57FE98FEB3775FCF","14FDF748D841CD5021683887FAEBF55B20B517C8C6202A1C57FE98FEB3775FCF","True"
"CRT\tython_blockout-4611686019869492753-1.9.acrt","632","E8238D4ED7CE547E743C97C898DB2E8CFC40CEB2AFD649917BF59866DE3AA662","E8238D4ED7CE547E743C97C898DB2E8CFC40CEB2AFD649917BF59866DE3AA662","True"
"HackPacks\tython_blockout-4611686019869492753-1.dat","560","065A951C4A3657C062EF31492E0FD864CB9358C26B6E2F3CAF2D72978BDFA3D0","065A951C4A3657C062EF31492E0FD864CB9358C26B6E2F3CAF2D72978BDFA3D0","True"
