"Kind","Address","RegionBase","RegionSize","Protect","Type"
"PlayerPhaseCreate","0xEC57C810","0xEC570000","65536","0x40","0x20000"
"PlayerPhaseDestroy","0xEC57CB00","0xEC570000","65536","0x40","0x20000"
"UpdateGateway","0xEC712670","0xEC710000","65536","0x40","0x20000"
"PlayerPhaseCreate","0xEC745810","0xEC740000","65536","0x40","0x20000"
"PlayerPhaseCreate","0xEC829810","0xEC820000","65536","0x40","0x20000"
"PlayerPhaseDestroy","0xEC85F6C0","0xEC850000","65536","0x40","0x20000"
"PlayerPhaseCreate","0xEC86C1D0","0xEC860000","65536","0x40","0x20000"
"PlayerPhaseCreate","0xF08FFEF2","0xF08F0000","65536","0x40","0x20000"
"PhaseInfoDestroy","0xF092D6B0","0xF0920000","65536","0x40","0x20000"
"PlayerPhaseDestroy","0xF093C050","0xF0930000","65536","0x40","0x20000"
"PlayerPhaseDestroy","0xF0A4E9C0","0xF0A40000","65536","0x40","0x20000"
